#
# There is insufficient memory for the Java Runtime Environment to continue.
# Native memory allocation (malloc) failed to allocate 7830808 bytes. Error detail: Chunk::new
# Possible reasons:
#   The system is out of physical RAM or swap space
#   This process is running with CompressedOops enabled, and the Java Heap may be blocking the growth of the native heap
# Possible solutions:
#   Reduce memory load on the system
#   Increase physical memory or swap space
#   Check if swap backing store is full
#   Decrease Java heap size (-Xmx/-Xms)
#   Decrease number of Java threads
#   Decrease Java thread stack sizes (-Xss)
#   Set larger code cache with -XX:ReservedCodeCacheSize=
#   JVM is running with Unscaled Compressed Oops mode in which the Java heap is
#     placed in the first 4GB address space. The Java Heap base address is the
#     maximum limit for the native heap growth. Please use -XX:HeapBaseMinAddress
#     to set the Java Heap base and to place the Java Heap above 4GB virtual address.
# This output file may be truncated or incomplete.
#
#  Out of Memory Error (arena.cpp:186), pid=17860, tid=15464
#
# JRE version: OpenJDK Runtime Environment Microsoft-14951867 (25.0.4.1+1) (build 25.0.4.1+1-LTS)
# Java VM: OpenJDK 64-Bit Server VM Microsoft-14951867 (25.0.4.1+1-LTS, mixed mode, sharing, tiered, compressed oops, compressed class ptrs, g1 gc, windows-amd64)
# No core dump will be written. Minidumps are not enabled by default on client versions of Windows
#

---------------  S U M M A R Y ------------

Command Line: --add-opens=java.base/java.lang=ALL-UNNAMED --add-opens=java.base/java.lang.invoke=ALL-UNNAMED --add-opens=java.base/java.util=ALL-UNNAMED --add-opens=java.prefs/java.util.prefs=ALL-UNNAMED --add-exports=jdk.compiler/com.sun.tools.javac.api=ALL-UNNAMED --add-exports=jdk.compiler/com.sun.tools.javac.util=ALL-UNNAMED --add-opens=java.base/java.util=ALL-UNNAMED --add-opens=java.prefs/java.util.prefs=ALL-UNNAMED --add-opens=java.base/java.nio.charset=ALL-UNNAMED --add-opens=java.base/java.net=ALL-UNNAMED --add-opens=java.base/java.util.concurrent=ALL-UNNAMED --add-opens=java.base/java.util.concurrent.atomic=ALL-UNNAMED --add-opens=java.xml/javax.xml.namespace=ALL-UNNAMED --add-opens=java.base/java.time=ALL-UNNAMED --enable-native-access=ALL-UNNAMED -Xmx1536m -Dfile.encoding=UTF-8 -Duser.country=GB -Duser.language=en -Duser.variant -javaagent:C:\Users\Lasse\.gradle\wrapper\dists\gradle-9.1.0-bin\9agqghryom9wkf8r80qlhnts3\gradle-9.1.0\lib\agents\gradle-instrumentation-agent-9.1.0.jar org.gradle.launcher.daemon.bootstrap.GradleDaemon 9.1.0

Host: 13th Gen Intel(R) Core(TM) i9-13900H, 20 cores, 15G,  Windows 11 , 64 bit Build 26100 (10.0.26100.9444)
Time: Sun Sep 20 22:27:05 2026 Romance Summer Time elapsed time: 2797.471076 seconds (0d 0h 46m 37s)

---------------  T H R E A D  ---------------

Current thread (0x0000023d93aac900):  JavaThread "C2 CompilerThread2" daemon [_thread_in_native, id=15464, stack(0x0000007ebf700000,0x0000007ebf800000) (1024K)]


Current CompileTask:
C2:2797471 37242       4       org.gradle.cache.internal.DefaultCacheCoordinator$UnitOfWorkFileAccess::writeFile (14 bytes)

Stack: [0x0000007ebf700000,0x0000007ebf800000]
Native frames: (J=compiled Java code, j=interpreted, Vv=VM code, C=native code)
V  [jvm.dll+0x7b2c99]  (no source info available)
V  [jvm.dll+0x77fb9d]  (no source info available)
V  [jvm.dll+0xa0463c]  (no source info available)
V  [jvm.dll+0xa06c1c]  (no source info available)
V  [jvm.dll+0xa07313]  (no source info available)
V  [jvm.dll+0x305546]  (no source info available)
V  [jvm.dll+0x114d56]  (no source info available)
V  [jvm.dll+0x115086]  (no source info available)
V  [jvm.dll+0x1a8384]  (no source info available)
V  [jvm.dll+0x3becd2]  (no source info available)
V  [jvm.dll+0x7bb878]  (no source info available)
V  [jvm.dll+0x2c87f7]  (no source info available)
V  [jvm.dll+0x2c776e]  (no source info available)
V  [jvm.dll+0x23f810]  (no source info available)
V  [jvm.dll+0x2d7682]  (no source info available)
V  [jvm.dll+0x2d58f5]  (no source info available)
V  [jvm.dll+0x49a225]  (no source info available)
V  [jvm.dll+0x9a518d]  (no source info available)
V  [jvm.dll+0x7b46d5]  (no source info available)
C  [ucrtbase.dll+0x2cd30]  (no source info available)
C  [KERNEL32.DLL+0x2cd87]  (no source info available)
C  [ntdll.dll+0xacaec]  (no source info available)

Lock stack of current Java thread (top to bottom):


---------------  P R O C E S S  ---------------

Threads class SMR info:
_java_thread_list=0x0000023d8f4a3240, length=118, elements={
0x0000023deacbe4d0, 0x0000023df8cbcfa0, 0x0000023df8cc1770, 0x0000023df8cc26d0,
0x0000023df8cc7360, 0x0000023df8cc8c60, 0x0000023df8cc9430, 0x0000023df8cd5670,
0x0000023df8ce62a0, 0x0000023df8ccbb40, 0x0000023df8ccc310, 0x0000023df964ab70,
0x0000023df9648460, 0x0000023d8f0ee900, 0x0000023d8f370d50, 0x0000023d8f372c90,
0x0000023d8f374400, 0x0000023d8fc72950, 0x0000023d9155aa70, 0x0000023d91558360,
0x0000023d91c34bf0, 0x0000023d91c3b180, 0x0000023d91c39240, 0x0000023d948b2fb0,
0x0000023d948bbc50, 0x0000023d948b6e30, 0x0000023d948b7600, 0x0000023d948c6060,
0x0000023d91cd2810, 0x0000023d91cd3f80, 0x0000023d91cd6690, 0x0000023d933417a0,
0x0000023d9706e580, 0x0000023da1e81140, 0x0000023d96811000, 0x0000023d9d8e66b0,
0x0000023d96ac2690, 0x0000023d96ac2e60, 0x0000023df8bbc110, 0x0000023d9c17c770,
0x0000023d9c17bfa0, 0x0000023d9c17d710, 0x0000023d9c17a060, 0x0000023d91686b10,
0x0000023d91686340, 0x0000023d96810060, 0x0000023d96812f40, 0x0000023d91a05550,
0x0000023d91687ab0, 0x0000023da16529e0, 0x0000023da1653980, 0x0000023da1654150,
0x0000023da1650aa0, 0x0000023da1651270, 0x0000023d96c2ef60, 0x0000023d96c2e790,
0x0000023d96c2d7f0, 0x0000023d96c2f730, 0x0000023d96c2c850, 0x0000023d96c2c080,
0x0000023d932a7100, 0x0000023d932a6930, 0x0000023d932a5990, 0x0000023d932a49f0,
0x0000023d932a78d0, 0x0000023d932a4220, 0x0000023d932a6160, 0x0000023d96811fa0,
0x0000023d9680f890, 0x0000023d96810830, 0x0000023d950c9f00, 0x0000023d950c77f0,
0x0000023d950c7020, 0x0000023d950c8790, 0x0000023d950c8f60, 0x0000023d950c7fc0,
0x0000023d950c6850, 0x0000023d950c9730, 0x0000023d92a112b0, 0x0000023d91e71b90,
0x0000023d91e742a0, 0x0000023d91e72360, 0x0000023d91e72b30, 0x0000023d94fa6230,
0x0000023d94fa3b20, 0x0000023d94fa5a60, 0x0000023d92a131f0, 0x0000023d94cd7b40,
0x0000023d94cd8310, 0x0000023d92a139c0, 0x0000023d94c65d40, 0x0000023d93aac900,
0x0000023d93aaa0b0, 0x0000023d93aa9090, 0x0000023d93aab0d0, 0x0000023d94a0b370,
0x0000023d94a0cae0, 0x0000023d94a0c310, 0x0000023d9db8b4e0, 0x0000023d91e74a70,
0x0000023d91e75240, 0x0000023d92973310, 0x0000023d92972b40, 0x0000023d92971ba0,
0x0000023d92972370, 0x0000023d95e53ac0, 0x0000023d95e54a60, 0x0000023d95e561d0,
0x0000023d95e52b20, 0x0000023d95e532f0, 0x0000023d95e55a00, 0x0000023d95e54290,
0x0000023d963d9780, 0x0000023d963d8010, 0x0000023d963da720, 0x0000023d963d87e0,
0x0000023d963d7070, 0x0000023d9db88600
}

Java Threads: ( => current thread )
  0x0000023deacbe4d0 JavaThread "main"                              [_thread_blocked, id=9876, stack(0x0000007eb8b00000,0x0000007eb8c00000) (1024K)]
  0x0000023df8cbcfa0 JavaThread "Reference Handler"          daemon [_thread_blocked, id=21568, stack(0x0000007eb9300000,0x0000007eb9400000) (1024K)]
  0x0000023df8cc1770 JavaThread "Finalizer"                  daemon [_thread_blocked, id=2808, stack(0x0000007eb9400000,0x0000007eb9500000) (1024K)]
  0x0000023df8cc26d0 JavaThread "Signal Dispatcher"          daemon [_thread_blocked, id=14792, stack(0x0000007eb9500000,0x0000007eb9600000) (1024K)]
  0x0000023df8cc7360 JavaThread "Attach Listener"            daemon [_thread_blocked, id=28852, stack(0x0000007eb9600000,0x0000007eb9700000) (1024K)]
  0x0000023df8cc8c60 JavaThread "Service Thread"             daemon [_thread_blocked, id=21976, stack(0x0000007eb9700000,0x0000007eb9800000) (1024K)]
  0x0000023df8cc9430 JavaThread "Monitor Deflation Thread"   daemon [_thread_blocked, id=5944, stack(0x0000007eb9800000,0x0000007eb9900000) (1024K)]
  0x0000023df8cd5670 JavaThread "C2 CompilerThread0"         daemon [_thread_blocked, id=27672, stack(0x0000007eb9900000,0x0000007eb9a00000) (1024K)]
  0x0000023df8ce62a0 JavaThread "C1 CompilerThread0"         daemon [_thread_blocked, id=10556, stack(0x0000007eb9a00000,0x0000007eb9b00000) (1024K)]
  0x0000023df8ccbb40 JavaThread "Common-Cleaner"             daemon [_thread_blocked, id=19024, stack(0x0000007eb9e00000,0x0000007eb9f00000) (1024K)]
  0x0000023df8ccc310 JavaThread "Notification Thread"        daemon [_thread_blocked, id=4508, stack(0x0000007eb9f00000,0x0000007eba000000) (1024K)]
  0x0000023df964ab70 JavaThread "Daemon health stats"               [_thread_blocked, id=25200, stack(0x0000007eba600000,0x0000007eba700000) (1024K)]
  0x0000023df9648460 JavaThread "Incoming local TCP Connector on port 25340"        [_thread_in_native, id=26828, stack(0x0000007eba700000,0x0000007eba800000) (1024K)]
  0x0000023d8f0ee900 JavaThread "Daemon periodic checks"            [_thread_blocked, id=28080, stack(0x0000007eba800000,0x0000007eba900000) (1024K)]
  0x0000023d8f370d50 JavaThread "Cache worker for journal cache (C:\Users\Lasse\.gradle\caches\journal-1)"        [_thread_blocked, id=29160, stack(0x0000007ebb000000,0x0000007ebb100000) (1024K)]
  0x0000023d8f372c90 JavaThread "File lock request listener"        [_thread_in_native, id=29148, stack(0x0000007ebb100000,0x0000007ebb200000) (1024K)]
  0x0000023d8f374400 JavaThread "Cache worker for file hash cache (C:\Users\Lasse\.gradle\caches\9.1.0\fileHashes)"        [_thread_blocked, id=6388, stack(0x0000007ebbb00000,0x0000007ebbc00000) (1024K)]
  0x0000023d8fc72950 JavaThread "File watcher server"        daemon [_thread_in_native, id=29616, stack(0x0000007ebc100000,0x0000007ebc200000) (1024K)]
  0x0000023d9155aa70 JavaThread "File watcher consumer"      daemon [_thread_blocked, id=5828, stack(0x0000007ebc200000,0x0000007ebc300000) (1024K)]
  0x0000023d91558360 JavaThread "Cache worker for file content cache (C:\Users\Lasse\.gradle\caches\9.1.0\fileContent)"        [_thread_blocked, id=12716, stack(0x0000007ebc400000,0x0000007ebc500000) (1024K)]
  0x0000023d91c34bf0 JavaThread "jar transforms"                    [_thread_blocked, id=25036, stack(0x0000007ebc600000,0x0000007ebc700000) (1024K)]
  0x0000023d91c3b180 JavaThread "jar transforms Thread 2"           [_thread_blocked, id=12944, stack(0x0000007ebc800000,0x0000007ebc900000) (1024K)]
  0x0000023d91c39240 JavaThread "jar transforms Thread 3"           [_thread_blocked, id=24256, stack(0x0000007ebc900000,0x0000007ebca00000) (1024K)]
  0x0000023d948b2fb0 JavaThread "jar transforms Thread 4"           [_thread_blocked, id=12940, stack(0x0000007eb8a00000,0x0000007eb8b00000) (1024K)]
  0x0000023d948bbc50 JavaThread "jar transforms Thread 5"           [_thread_blocked, id=20096, stack(0x0000007ec2100000,0x0000007ec2200000) (1024K)]
  0x0000023d948b6e30 JavaThread "Memory manager"                    [_thread_blocked, id=14408, stack(0x0000007ec1000000,0x0000007ec1100000) (1024K)]
  0x0000023d948b7600 JavaThread "jar transforms Thread 6"           [_thread_blocked, id=23644, stack(0x0000007eba000000,0x0000007eba100000) (1024K)]
  0x0000023d948c6060 JavaThread "pool-3-thread-1"                   [_thread_blocked, id=23672, stack(0x0000007ec1a00000,0x0000007ec1b00000) (1024K)]
  0x0000023d91cd2810 JavaThread "jar transforms Thread 7"           [_thread_blocked, id=20320, stack(0x0000007ebec00000,0x0000007ebed00000) (1024K)]
  0x0000023d91cd3f80 JavaThread "jar transforms Thread 8"           [_thread_blocked, id=12536, stack(0x0000007ebef00000,0x0000007ebf000000) (1024K)]
  0x0000023d91cd6690 JavaThread "pool-6-thread-1"                   [_thread_blocked, id=7464, stack(0x0000007ebf100000,0x0000007ebf200000) (1024K)]
  0x0000023d933417a0 JavaThread "jar transforms Thread 9"           [_thread_blocked, id=9160, stack(0x0000007ebf600000,0x0000007ebf700000) (1024K)]
  0x0000023d9706e580 JavaThread "jar transforms Thread 10"          [_thread_blocked, id=17800, stack(0x0000007ebf300000,0x0000007ebf400000) (1024K)]
  0x0000023da1e81140 JavaThread "pool-11-thread-1"                  [_thread_blocked, id=17956, stack(0x0000007ebf200000,0x0000007ebf300000) (1024K)]
  0x0000023d96811000 JavaThread "pool-15-thread-1"                  [_thread_blocked, id=8256, stack(0x0000007ebf800000,0x0000007ebf900000) (1024K)]
  0x0000023d9d8e66b0 JavaThread "Daemon Thread 5"                   [_thread_blocked, id=21724, stack(0x0000007eb8800000,0x0000007eb8900000) (1024K)]
  0x0000023d96ac2690 JavaThread "Handler for socket connection from /127.0.0.1:25340 to /127.0.0.1:42623"        [_thread_in_native, id=7336, stack(0x0000007eb8900000,0x0000007eb8a00000) (1024K)]
  0x0000023d96ac2e60 JavaThread "Cancel handler"                    [_thread_blocked, id=18260, stack(0x0000007eb9b00000,0x0000007eb9c00000) (1024K)]
  0x0000023df8bbc110 JavaThread "Daemon worker Thread 5"            [_thread_blocked, id=13952, stack(0x0000007eb9c00000,0x0000007eb9d00000) (1024K)]
  0x0000023d9c17c770 JavaThread "Asynchronous log dispatcher for DefaultDaemonConnection: socket connection from /127.0.0.1:25340 to /127.0.0.1:42623"        [_thread_blocked, id=25944, stack(0x0000007eba900000,0x0000007ebaa00000) (1024K)]
  0x0000023d9c17bfa0 JavaThread "Stdin handler"                     [_thread_blocked, id=15800, stack(0x0000007ebaa00000,0x0000007ebab00000) (1024K)]
  0x0000023d9c17d710 JavaThread "Daemon client event forwarder"        [_thread_blocked, id=24652, stack(0x0000007ebab00000,0x0000007ebac00000) (1024K)]
  0x0000023d9c17a060 JavaThread "Cache worker for file hash cache (J:\ProjectFenix\Android\Foxcraft\.gradle\9.1.0\fileHashes)"        [_thread_blocked, id=29612, stack(0x0000007ebac00000,0x0000007ebad00000) (1024K)]
  0x0000023d91686b10 JavaThread "Cache worker for Build Output Cleanup Cache (J:\ProjectFenix\Android\Foxcraft\.gradle\buildOutputCleanup)"        [_thread_blocked, id=9604, stack(0x0000007ebad00000,0x0000007ebae00000) (1024K)]
  0x0000023d91686340 JavaThread "Cache worker for checksums cache (J:\ProjectFenix\Android\Foxcraft\.gradle\9.1.0\checksums)"        [_thread_blocked, id=7716, stack(0x0000007ebae00000,0x0000007ebaf00000) (1024K)]
  0x0000023d96810060 JavaThread "Cache worker for cache directory md-supplier (C:\Users\Lasse\.gradle\caches\9.1.0\md-supplier)"        [_thread_blocked, id=18140, stack(0x0000007ebaf00000,0x0000007ebb000000) (1024K)]
  0x0000023d96812f40 JavaThread "Cache worker for cache directory md-rule (C:\Users\Lasse\.gradle\caches\9.1.0\md-rule)"        [_thread_blocked, id=26020, stack(0x0000007ebba00000,0x0000007ebbb00000) (1024K)]
  0x0000023d91a05550 JavaThread "C1 CompilerThread1"         daemon [_thread_blocked, id=20020, stack(0x0000007ebc000000,0x0000007ebc100000) (1024K)]
  0x0000023d91687ab0 JavaThread "Unconstrained build operations"        [_thread_blocked, id=22080, stack(0x0000007ebc300000,0x0000007ebc400000) (1024K)]
  0x0000023da16529e0 JavaThread "Unconstrained build operations Thread 2"        [_thread_blocked, id=27136, stack(0x0000007ebc500000,0x0000007ebc600000) (1024K)]
  0x0000023da1653980 JavaThread "Unconstrained build operations Thread 3"        [_thread_blocked, id=768, stack(0x0000007ebc700000,0x0000007ebc800000) (1024K)]
  0x0000023da1654150 JavaThread "Unconstrained build operations Thread 4"        [_thread_blocked, id=3716, stack(0x0000007ebca00000,0x0000007ebcb00000) (1024K)]
  0x0000023da1650aa0 JavaThread "Unconstrained build operations Thread 5"        [_thread_blocked, id=15844, stack(0x0000007ebcb00000,0x0000007ebcc00000) (1024K)]
  0x0000023da1651270 JavaThread "Unconstrained build operations Thread 6"        [_thread_blocked, id=6048, stack(0x0000007ebcc00000,0x0000007ebcd00000) (1024K)]
  0x0000023d96c2ef60 JavaThread "Unconstrained build operations Thread 7"        [_thread_blocked, id=25512, stack(0x0000007ebcd00000,0x0000007ebce00000) (1024K)]
  0x0000023d96c2e790 JavaThread "Unconstrained build operations Thread 8"        [_thread_blocked, id=4980, stack(0x0000007ebce00000,0x0000007ebcf00000) (1024K)]
  0x0000023d96c2d7f0 JavaThread "Unconstrained build operations Thread 9"        [_thread_blocked, id=24628, stack(0x0000007ebcf00000,0x0000007ebd000000) (1024K)]
  0x0000023d96c2f730 JavaThread "Unconstrained build operations Thread 10"        [_thread_blocked, id=3224, stack(0x0000007ebd000000,0x0000007ebd100000) (1024K)]
  0x0000023d96c2c850 JavaThread "Unconstrained build operations Thread 11"        [_thread_blocked, id=16204, stack(0x0000007ebd100000,0x0000007ebd200000) (1024K)]
  0x0000023d96c2c080 JavaThread "Unconstrained build operations Thread 12"        [_thread_blocked, id=28964, stack(0x0000007ebd200000,0x0000007ebd300000) (1024K)]
  0x0000023d932a7100 JavaThread "Unconstrained build operations Thread 13"        [_thread_blocked, id=24372, stack(0x0000007ebd300000,0x0000007ebd400000) (1024K)]
  0x0000023d932a6930 JavaThread "Unconstrained build operations Thread 14"        [_thread_blocked, id=25684, stack(0x0000007ebd400000,0x0000007ebd500000) (1024K)]
  0x0000023d932a5990 JavaThread "Unconstrained build operations Thread 15"        [_thread_blocked, id=22836, stack(0x0000007ebd500000,0x0000007ebd600000) (1024K)]
  0x0000023d932a49f0 JavaThread "Unconstrained build operations Thread 16"        [_thread_blocked, id=17344, stack(0x0000007ebd600000,0x0000007ebd700000) (1024K)]
  0x0000023d932a78d0 JavaThread "Unconstrained build operations Thread 17"        [_thread_blocked, id=28628, stack(0x0000007ebd700000,0x0000007ebd800000) (1024K)]
  0x0000023d932a4220 JavaThread "Unconstrained build operations Thread 18"        [_thread_blocked, id=29156, stack(0x0000007ebd800000,0x0000007ebd900000) (1024K)]
  0x0000023d932a6160 JavaThread "Unconstrained build operations Thread 19"        [_thread_blocked, id=15424, stack(0x0000007ebd900000,0x0000007ebda00000) (1024K)]
  0x0000023d96811fa0 JavaThread "Unconstrained build operations Thread 20"        [_thread_blocked, id=12168, stack(0x0000007ebda00000,0x0000007ebdb00000) (1024K)]
  0x0000023d9680f890 JavaThread "Unconstrained build operations Thread 21"        [_thread_blocked, id=12928, stack(0x0000007ebdb00000,0x0000007ebdc00000) (1024K)]
  0x0000023d96810830 JavaThread "Unconstrained build operations Thread 22"        [_thread_blocked, id=2012, stack(0x0000007ebdc00000,0x0000007ebdd00000) (1024K)]
  0x0000023d950c9f00 JavaThread "Unconstrained build operations Thread 23"        [_thread_blocked, id=24620, stack(0x0000007ebde00000,0x0000007ebdf00000) (1024K)]
  0x0000023d950c77f0 JavaThread "Unconstrained build operations Thread 24"        [_thread_blocked, id=16044, stack(0x0000007ebdf00000,0x0000007ebe000000) (1024K)]
  0x0000023d950c7020 JavaThread "Unconstrained build operations Thread 25"        [_thread_blocked, id=8504, stack(0x0000007ebe000000,0x0000007ebe100000) (1024K)]
  0x0000023d950c8790 JavaThread "Unconstrained build operations Thread 26"        [_thread_blocked, id=13464, stack(0x0000007ebe100000,0x0000007ebe200000) (1024K)]
  0x0000023d950c8f60 JavaThread "Unconstrained build operations Thread 27"        [_thread_blocked, id=21144, stack(0x0000007ebe200000,0x0000007ebe300000) (1024K)]
  0x0000023d950c7fc0 JavaThread "Unconstrained build operations Thread 28"        [_thread_blocked, id=25840, stack(0x0000007ebe300000,0x0000007ebe400000) (1024K)]
  0x0000023d950c6850 JavaThread "Unconstrained build operations Thread 29"        [_thread_blocked, id=11768, stack(0x0000007ebe400000,0x0000007ebe500000) (1024K)]
  0x0000023d950c9730 JavaThread "Unconstrained build operations Thread 30"        [_thread_blocked, id=27288, stack(0x0000007ebe500000,0x0000007ebe600000) (1024K)]
  0x0000023d92a112b0 JavaThread "Unconstrained build operations Thread 31"        [_thread_blocked, id=28600, stack(0x0000007ebe600000,0x0000007ebe700000) (1024K)]
  0x0000023d91e71b90 JavaThread "Unconstrained build operations Thread 32"        [_thread_blocked, id=5384, stack(0x0000007ebe700000,0x0000007ebe800000) (1024K)]
  0x0000023d91e742a0 JavaThread "Unconstrained build operations Thread 33"        [_thread_blocked, id=3420, stack(0x0000007ebe800000,0x0000007ebe900000) (1024K)]
  0x0000023d91e72360 JavaThread "Unconstrained build operations Thread 34"        [_thread_blocked, id=21932, stack(0x0000007ebe900000,0x0000007ebea00000) (1024K)]
  0x0000023d91e72b30 JavaThread "Unconstrained build operations Thread 35"        [_thread_blocked, id=20660, stack(0x0000007ebea00000,0x0000007ebeb00000) (1024K)]
  0x0000023d94fa6230 JavaThread "Unconstrained build operations Thread 36"        [_thread_blocked, id=26880, stack(0x0000007ebeb00000,0x0000007ebec00000) (1024K)]
  0x0000023d94fa3b20 JavaThread "Unconstrained build operations Thread 37"        [_thread_blocked, id=17952, stack(0x0000007ebed00000,0x0000007ebee00000) (1024K)]
  0x0000023d94fa5a60 JavaThread "Unconstrained build operations Thread 38"        [_thread_blocked, id=16080, stack(0x0000007ebee00000,0x0000007ebef00000) (1024K)]
  0x0000023d92a131f0 JavaThread "jar transforms Thread 11"          [_thread_blocked, id=28796, stack(0x0000007ebf000000,0x0000007ebf100000) (1024K)]
  0x0000023d94cd7b40 JavaThread "build event listener"              [_thread_blocked, id=25456, stack(0x0000007ebdd00000,0x0000007ebde00000) (1024K)]
  0x0000023d94cd8310 JavaThread "jar transforms Thread 12"          [_thread_blocked, id=9376, stack(0x0000007ebf400000,0x0000007ebf500000) (1024K)]
  0x0000023d92a139c0 JavaThread "Problems report writer"            [_thread_blocked, id=16836, stack(0x0000007ebf500000,0x0000007ebf600000) (1024K)]
  0x0000023d94c65d40 JavaThread "C2 CompilerThread1"         daemon [_thread_blocked, id=25168, stack(0x0000007ebbf00000,0x0000007ebc000000) (1024K)]
=>0x0000023d93aac900 JavaThread "C2 CompilerThread2"         daemon [_thread_in_native, id=15464, stack(0x0000007ebf700000,0x0000007ebf800000) (1024K)]
  0x0000023d93aaa0b0 JavaThread "C2 CompilerThread3"         daemon [_thread_blocked, id=18744, stack(0x0000007ebf900000,0x0000007ebfa00000) (1024K)]
  0x0000023d93aa9090 JavaThread "C1 CompilerThread2"         daemon [_thread_blocked, id=5248, stack(0x0000007ebfa00000,0x0000007ebfb00000) (1024K)]
  0x0000023d93aab0d0 JavaThread "C1 CompilerThread3"         daemon [_thread_blocked, id=20580, stack(0x0000007ebfb00000,0x0000007ebfc00000) (1024K)]
  0x0000023d94a0b370 JavaThread "pool-19-thread-1"                  [_thread_blocked, id=18900, stack(0x0000007ebfd00000,0x0000007ebfe00000) (1024K)]
  0x0000023d94a0cae0 JavaThread "build event listener"              [_thread_blocked, id=3804, stack(0x0000007ebfe00000,0x0000007ebff00000) (1024K)]
  0x0000023d94a0c310 JavaThread "included builds"                   [_thread_blocked, id=21052, stack(0x0000007ebff00000,0x0000007ec0000000) (1024K)]
  0x0000023d9db8b4e0 JavaThread "Execution worker"                  [_thread_in_native, id=23964, stack(0x0000007ec0000000,0x0000007ec0100000) (1024K)]
  0x0000023d91e74a70 JavaThread "Execution worker Thread 2"         [_thread_blocked, id=8688, stack(0x0000007ec0100000,0x0000007ec0200000) (1024K)]
  0x0000023d91e75240 JavaThread "Execution worker Thread 3"         [_thread_blocked, id=21364, stack(0x0000007ec0200000,0x0000007ec0300000) (1024K)]
  0x0000023d92973310 JavaThread "Execution worker Thread 4"         [_thread_blocked, id=27688, stack(0x0000007ec0300000,0x0000007ec0400000) (1024K)]
  0x0000023d92972b40 JavaThread "Execution worker Thread 5"         [_thread_blocked, id=22700, stack(0x0000007ec0400000,0x0000007ec0500000) (1024K)]
  0x0000023d92971ba0 JavaThread "Execution worker Thread 6"         [_thread_blocked, id=9108, stack(0x0000007ec0500000,0x0000007ec0600000) (1024K)]
  0x0000023d92972370 JavaThread "Execution worker Thread 7"         [_thread_blocked, id=10092, stack(0x0000007ec0600000,0x0000007ec0700000) (1024K)]
  0x0000023d95e53ac0 JavaThread "Execution worker Thread 8"         [_thread_blocked, id=15712, stack(0x0000007ec0700000,0x0000007ec0800000) (1024K)]
  0x0000023d95e54a60 JavaThread "Execution worker Thread 9"         [_thread_blocked, id=23284, stack(0x0000007ec0800000,0x0000007ec0900000) (1024K)]
  0x0000023d95e561d0 JavaThread "Execution worker Thread 10"        [_thread_blocked, id=27884, stack(0x0000007ec0900000,0x0000007ec0a00000) (1024K)]
  0x0000023d95e52b20 JavaThread "Execution worker Thread 11"        [_thread_blocked, id=29324, stack(0x0000007ec0a00000,0x0000007ec0b00000) (1024K)]
  0x0000023d95e532f0 JavaThread "Execution worker Thread 12"        [_thread_blocked, id=29236, stack(0x0000007ec0b00000,0x0000007ec0c00000) (1024K)]
  0x0000023d95e55a00 JavaThread "Execution worker Thread 13"        [_thread_blocked, id=26528, stack(0x0000007ec0c00000,0x0000007ec0d00000) (1024K)]
  0x0000023d95e54290 JavaThread "Execution worker Thread 14"        [_thread_blocked, id=11068, stack(0x0000007ec0d00000,0x0000007ec0e00000) (1024K)]
  0x0000023d963d9780 JavaThread "Execution worker Thread 15"        [_thread_blocked, id=13016, stack(0x0000007ec0e00000,0x0000007ec0f00000) (1024K)]
  0x0000023d963d8010 JavaThread "Execution worker Thread 16"        [_thread_blocked, id=20408, stack(0x0000007ec0f00000,0x0000007ec1000000) (1024K)]
  0x0000023d963da720 JavaThread "Execution worker Thread 17"        [_thread_blocked, id=19060, stack(0x0000007ec1100000,0x0000007ec1200000) (1024K)]
  0x0000023d963d87e0 JavaThread "Execution worker Thread 18"        [_thread_blocked, id=7764, stack(0x0000007ec1200000,0x0000007ec1300000) (1024K)]
  0x0000023d963d7070 JavaThread "Execution worker Thread 19"        [_thread_blocked, id=10664, stack(0x0000007ec1300000,0x0000007ec1400000) (1024K)]
  0x0000023d9db88600 JavaThread "Cache worker for execution history cache (J:\ProjectFenix\Android\Foxcraft\.gradle\9.1.0\executionHistory)"        [_thread_blocked, id=18044, stack(0x0000007ec1400000,0x0000007ec1500000) (1024K)]
Total: 118

Other Threads:
  0x0000023df8cadfd0 VMThread "VM Thread"                           [id=5144, stack(0x0000007eb9200000,0x0000007eb9300000) (1024K)]
  0x0000023df8c9c850 WatcherThread "VM Periodic Task Thread"        [id=2920, stack(0x0000007eb9100000,0x0000007eb9200000) (1024K)]
  0x0000023dead102d0 WorkerThread "GC Thread#0"                     [id=8404, stack(0x0000007eb8c00000,0x0000007eb8d00000) (1024K)]
  0x0000023dfe6119b0 WorkerThread "GC Thread#1"                     [id=23180, stack(0x0000007eba100000,0x0000007eba200000) (1024K)]
  0x0000023dfe611de0 WorkerThread "GC Thread#2"                     [id=24992, stack(0x0000007eba200000,0x0000007eba300000) (1024K)]
  0x0000023dfe612210 WorkerThread "GC Thread#3"                     [id=10316, stack(0x0000007eba300000,0x0000007eba400000) (1024K)]
  0x0000023dfe612640 WorkerThread "GC Thread#4"                     [id=12332, stack(0x0000007eba400000,0x0000007eba500000) (1024K)]
  0x0000023dfe612a70 WorkerThread "GC Thread#5"                     [id=1344, stack(0x0000007eba500000,0x0000007eba600000) (1024K)]
  0x0000023dfeefbe30 WorkerThread "GC Thread#6"                     [id=7188, stack(0x0000007eb9d00000,0x0000007eb9e00000) (1024K)]
  0x0000023dfeef8ec0 WorkerThread "GC Thread#7"                     [id=23488, stack(0x0000007ebb200000,0x0000007ebb300000) (1024K)]
  0x0000023dfeef9bb0 WorkerThread "GC Thread#8"                     [id=29272, stack(0x0000007ebb300000,0x0000007ebb400000) (1024K)]
  0x0000023dfeef9760 WorkerThread "GC Thread#9"                     [id=21508, stack(0x0000007ebb400000,0x0000007ebb500000) (1024K)]
  0x0000023dfeefb9e0 WorkerThread "GC Thread#10"                    [id=13652, stack(0x0000007ebb500000,0x0000007ebb600000) (1024K)]
  0x0000023dfeefc280 WorkerThread "GC Thread#11"                    [id=19144, stack(0x0000007ebb600000,0x0000007ebb700000) (1024K)]
  0x0000023dfeefb140 WorkerThread "GC Thread#12"                    [id=22956, stack(0x0000007ebb700000,0x0000007ebb800000) (1024K)]
  0x0000023dfeefa450 WorkerThread "GC Thread#13"                    [id=28304, stack(0x0000007ebb800000,0x0000007ebb900000) (1024K)]
  0x0000023dfeefa8a0 WorkerThread "GC Thread#14"                    [id=28240, stack(0x0000007ebb900000,0x0000007ebba00000) (1024K)]
  0x0000023dead24310 ConcurrentGCThread "G1 Main Marker"            [id=26176, stack(0x0000007eb8d00000,0x0000007eb8e00000) (1024K)]
  0x0000023dead259a0 WorkerThread "G1 Conc#0"                       [id=22636, stack(0x0000007eb8e00000,0x0000007eb8f00000) (1024K)]
  0x0000023dfeefe0b0 WorkerThread "G1 Conc#1"                       [id=25492, stack(0x0000007ebbc00000,0x0000007ebbd00000) (1024K)]
  0x0000023dfeeffee0 WorkerThread "G1 Conc#2"                       [id=26276, stack(0x0000007ebbd00000,0x0000007ebbe00000) (1024K)]
  0x0000023dfeefe950 WorkerThread "G1 Conc#3"                       [id=29680, stack(0x0000007ebbe00000,0x0000007ebbf00000) (1024K)]
  0x0000023dead6e080 ConcurrentGCThread "G1 Refine#0"               [id=27364, stack(0x0000007eb8f00000,0x0000007eb9000000) (1024K)]
  0x0000023dead6e540 ConcurrentGCThread "G1 Service"                [id=27556, stack(0x0000007eb9000000,0x0000007eb9100000) (1024K)]
Total: 24

Threads with active compile tasks:
C2 CompilerThread2  2797629 37242       4       org.gradle.cache.internal.DefaultCacheCoordinator$UnitOfWorkFileAccess::writeFile (14 bytes)
Total: 1

VM state: not at safepoint (normal execution)

VM Mutex/Monitor currently owned by a thread: None

Heap address: 0x00000000a0000000, size: 1536 MB, Compressed Oops mode: 32-bit

CDS archive(s) mapped at: [0x000000002a000000-0x000000002adb0000-0x000000002adb0000), size 14352384, SharedBaseAddress: 0x000000002a000000, ArchiveRelocationMode: 1.
Compressed class space mapped at: 0x000000002b000000-0x000000006b000000, reserved size: 1073741824
UseCompressedClassPointers 1, UseCompactObjectHeaders 0
Narrow klass pointer bits 32, Max shift 3
Narrow klass base: 0x000000002a000000, Narrow klass shift: 0
Encoding Range: [0x000000002a000000 - 0x000000012a000000), (4294967296 bytes)
Klass Range:    [0x000000002a010000 - 0x000000006b000000), (1090453504 bytes)
Klass ID Range:  [65536 - 1090519033) (1090453497)
Protection zone: [0x000000002a000000 - 0x000000002a010000), (65536 bytes)

GC Precious Log:
 CardTable entry size: 512
 Card Set container configuration: InlinePtr #cards 5 size 8 Array Of Cards #cards 10 size 36 Howl #buckets 4 coarsen threshold 1843 Howl Bitmap #cards 512 size 80 coarsen threshold 460 Card regions per heap region 1 cards per card region 2048
 CPUs: 20 total, 20 available
 Memory: 16008M
 Large Page Support: Disabled
 NUMA Support: Disabled
 Compressed Oops: Enabled (32-bit)
 Heap Region Size: 1M
 Heap Min Capacity: 8M
 Heap Initial Capacity: 252M
 Heap Max Capacity: 1536M
 Pre-touch: Disabled
 Parallel Workers: 15
 Concurrent Workers: 4
 Concurrent Refinement Workers: 15
 Periodic GC: Disabled
 G1 Time-Based Heap Sizing enabled (uncommit-only)
 Evaluation Interval: 60s, Uncommit Delay: 300s, Min Regions To Uncommit: 10

Heap:
 garbage-first heap   total reserved 1572864K, committed 479232K, used 463516K [0x00000000a0000000, 0x0000000100000000)
  region size 1024K, 190 young (194560K), 10 survivors (10240K)

Heap Regions: E=young(eden), S=young(survivor), O=old, HS=humongous(starts), HC=humongous(continues), CS=collection set, F=free, TAMS=top-at-mark-start, PB=parsable bottom
|   0|0x00000000a0000000, 0x00000000a0100000, 0x00000000a0100000|100%|HS|  |TAMS 0x00000000a0000000| PB 0x00000000a0000000| Complete |  0
|   1|0x00000000a0100000, 0x00000000a0200000, 0x00000000a0200000|100%|HC|  |TAMS 0x00000000a0100000| PB 0x00000000a0100000| Complete |  0
|   2|0x00000000a0200000, 0x00000000a0300000, 0x00000000a0300000|100%|HC|  |TAMS 0x00000000a0200000| PB 0x00000000a0200000| Complete |  0
|   3|0x00000000a0300000, 0x00000000a0400000, 0x00000000a0400000|100%| O|  |TAMS 0x00000000a0300000| PB 0x00000000a0300000| Untracked |  0
|   4|0x00000000a0400000, 0x00000000a0500000, 0x00000000a0500000|100%|HS|  |TAMS 0x00000000a0400000| PB 0x00000000a0400000| Complete |  0
|   5|0x00000000a0500000, 0x00000000a0600000, 0x00000000a0600000|100%| O|  |TAMS 0x00000000a0500000| PB 0x00000000a0500000| Untracked |  0
|   6|0x00000000a0600000, 0x00000000a0700000, 0x00000000a0700000|100%| O|  |TAMS 0x00000000a0600000| PB 0x00000000a0600000| Untracked |  0
|   7|0x00000000a0700000, 0x00000000a0800000, 0x00000000a0800000|100%| O|Cm|TAMS 0x00000000a0700000| PB 0x00000000a0700000| Complete |  0
|   8|0x00000000a0800000, 0x00000000a0900000, 0x00000000a0900000|100%| O|  |TAMS 0x00000000a0800000| PB 0x00000000a0800000| Untracked |  0
|   9|0x00000000a0900000, 0x00000000a0a00000, 0x00000000a0a00000|100%| O|  |TAMS 0x00000000a0900000| PB 0x00000000a0900000| Untracked |  0
|  10|0x00000000a0a00000, 0x00000000a0b00000, 0x00000000a0b00000|100%| O|  |TAMS 0x00000000a0a00000| PB 0x00000000a0a00000| Untracked |  0
|  11|0x00000000a0b00000, 0x00000000a0c00000, 0x00000000a0c00000|100%| O|  |TAMS 0x00000000a0b00000| PB 0x00000000a0b00000| Untracked |  0
|  12|0x00000000a0c00000, 0x00000000a0d00000, 0x00000000a0d00000|100%| O|  |TAMS 0x00000000a0c00000| PB 0x00000000a0c00000| Untracked |  0
|  13|0x00000000a0d00000, 0x00000000a0e00000, 0x00000000a0e00000|100%| O|  |TAMS 0x00000000a0d00000| PB 0x00000000a0d00000| Untracked |  0
|  14|0x00000000a0e00000, 0x00000000a0f00000, 0x00000000a0f00000|100%| O|  |TAMS 0x00000000a0e00000| PB 0x00000000a0e00000| Untracked |  0
|  15|0x00000000a0f00000, 0x00000000a1000000, 0x00000000a1000000|100%| O|  |TAMS 0x00000000a0f00000| PB 0x00000000a0f00000| Untracked |  0
|  16|0x00000000a1000000, 0x00000000a1100000, 0x00000000a1100000|100%| O|  |TAMS 0x00000000a1000000| PB 0x00000000a1000000| Untracked |  0
|  17|0x00000000a1100000, 0x00000000a1200000, 0x00000000a1200000|100%| O|  |TAMS 0x00000000a1100000| PB 0x00000000a1100000| Untracked |  0
|  18|0x00000000a1200000, 0x00000000a1300000, 0x00000000a1300000|100%| O|  |TAMS 0x00000000a1200000| PB 0x00000000a1200000| Untracked |  0
|  19|0x00000000a1300000, 0x00000000a1400000, 0x00000000a1400000|100%| O|  |TAMS 0x00000000a1300000| PB 0x00000000a1300000| Untracked |  0
|  20|0x00000000a1400000, 0x00000000a1500000, 0x00000000a1500000|100%| O|  |TAMS 0x00000000a1400000| PB 0x00000000a1400000| Untracked |  0
|  21|0x00000000a1500000, 0x00000000a1600000, 0x00000000a1600000|100%| O|  |TAMS 0x00000000a1500000| PB 0x00000000a1500000| Untracked |  0
|  22|0x00000000a1600000, 0x00000000a1700000, 0x00000000a1700000|100%| O|  |TAMS 0x00000000a1600000| PB 0x00000000a1600000| Untracked |  0
|  23|0x00000000a1700000, 0x00000000a1800000, 0x00000000a1800000|100%| O|  |TAMS 0x00000000a1700000| PB 0x00000000a1700000| Untracked |  0
|  24|0x00000000a1800000, 0x00000000a1900000, 0x00000000a1900000|100%| O|  |TAMS 0x00000000a1800000| PB 0x00000000a1800000| Untracked |  0
|  25|0x00000000a1900000, 0x00000000a1a00000, 0x00000000a1a00000|100%| O|  |TAMS 0x00000000a1900000| PB 0x00000000a1900000| Untracked |  0
|  26|0x00000000a1a00000, 0x00000000a1b00000, 0x00000000a1b00000|100%| O|  |TAMS 0x00000000a1a00000| PB 0x00000000a1a00000| Untracked |  0
|  27|0x00000000a1b00000, 0x00000000a1c00000, 0x00000000a1c00000|100%|HS|  |TAMS 0x00000000a1b00000| PB 0x00000000a1b00000| Complete |  0
|  28|0x00000000a1c00000, 0x00000000a1d00000, 0x00000000a1d00000|100%| O|  |TAMS 0x00000000a1c00000| PB 0x00000000a1c00000| Untracked |  0
|  29|0x00000000a1d00000, 0x00000000a1e00000, 0x00000000a1e00000|100%| O|  |TAMS 0x00000000a1d00000| PB 0x00000000a1d00000| Untracked |  0
|  30|0x00000000a1e00000, 0x00000000a1f00000, 0x00000000a1f00000|100%| O|  |TAMS 0x00000000a1e00000| PB 0x00000000a1e00000| Untracked |  0
|  31|0x00000000a1f00000, 0x00000000a2000000, 0x00000000a2000000|100%| O|  |TAMS 0x00000000a1f00000| PB 0x00000000a1f00000| Untracked |  0
|  32|0x00000000a2000000, 0x00000000a2100000, 0x00000000a2100000|100%| O|  |TAMS 0x00000000a2000000| PB 0x00000000a2000000| Untracked |  0
|  33|0x00000000a2100000, 0x00000000a2200000, 0x00000000a2200000|100%| O|  |TAMS 0x00000000a2100000| PB 0x00000000a2100000| Untracked |  0
|  34|0x00000000a2200000, 0x00000000a2300000, 0x00000000a2300000|100%| O|  |TAMS 0x00000000a2200000| PB 0x00000000a2200000| Untracked |  0
|  35|0x00000000a2300000, 0x00000000a2400000, 0x00000000a2400000|100%| O|  |TAMS 0x00000000a2300000| PB 0x00000000a2300000| Untracked |  0
|  36|0x00000000a2400000, 0x00000000a2500000, 0x00000000a2500000|100%| O|  |TAMS 0x00000000a2400000| PB 0x00000000a2400000| Untracked |  0
|  37|0x00000000a2500000, 0x00000000a2600000, 0x00000000a2600000|100%| O|  |TAMS 0x00000000a2500000| PB 0x00000000a2500000| Untracked |  0
|  38|0x00000000a2600000, 0x00000000a2700000, 0x00000000a2700000|100%| O|  |TAMS 0x00000000a2600000| PB 0x00000000a2600000| Untracked |  0
|  39|0x00000000a2700000, 0x00000000a2800000, 0x00000000a2800000|100%| O|  |TAMS 0x00000000a2700000| PB 0x00000000a2700000| Untracked |  0
|  40|0x00000000a2800000, 0x00000000a2900000, 0x00000000a2900000|100%| O|  |TAMS 0x00000000a2800000| PB 0x00000000a2800000| Untracked |  0
|  41|0x00000000a2900000, 0x00000000a2a00000, 0x00000000a2a00000|100%| O|  |TAMS 0x00000000a2900000| PB 0x00000000a2900000| Untracked |  0
|  42|0x00000000a2a00000, 0x00000000a2b00000, 0x00000000a2b00000|100%| O|Cm|TAMS 0x00000000a2a00000| PB 0x00000000a2a00000| Complete |  0
|  43|0x00000000a2b00000, 0x00000000a2c00000, 0x00000000a2c00000|100%| O|  |TAMS 0x00000000a2b00000| PB 0x00000000a2b00000| Untracked |  0
|  44|0x00000000a2c00000, 0x00000000a2d00000, 0x00000000a2d00000|100%| O|  |TAMS 0x00000000a2c00000| PB 0x00000000a2c00000| Untracked |  0
|  45|0x00000000a2d00000, 0x00000000a2e00000, 0x00000000a2e00000|100%| O|  |TAMS 0x00000000a2d00000| PB 0x00000000a2d00000| Untracked |  0
|  46|0x00000000a2e00000, 0x00000000a2f00000, 0x00000000a2f00000|100%| O|  |TAMS 0x00000000a2e00000| PB 0x00000000a2e00000| Untracked |  0
|  47|0x00000000a2f00000, 0x00000000a3000000, 0x00000000a3000000|100%| O|  |TAMS 0x00000000a2f00000| PB 0x00000000a2f00000| Untracked |  0
|  48|0x00000000a3000000, 0x00000000a3100000, 0x00000000a3100000|100%| O|  |TAMS 0x00000000a3000000| PB 0x00000000a3000000| Untracked |  0
|  49|0x00000000a3100000, 0x00000000a3200000, 0x00000000a3200000|100%| O|  |TAMS 0x00000000a3100000| PB 0x00000000a3100000| Untracked |  0
|  50|0x00000000a3200000, 0x00000000a3300000, 0x00000000a3300000|100%| O|Cm|TAMS 0x00000000a3200000| PB 0x00000000a3200000| Complete |  0
|  51|0x00000000a3300000, 0x00000000a3400000, 0x00000000a3400000|100%| O|  |TAMS 0x00000000a3300000| PB 0x00000000a3300000| Untracked |  0
|  52|0x00000000a3400000, 0x00000000a3500000, 0x00000000a3500000|100%| O|Cm|TAMS 0x00000000a3400000| PB 0x00000000a3400000| Complete |  0
|  53|0x00000000a3500000, 0x00000000a3600000, 0x00000000a3600000|100%| O|  |TAMS 0x00000000a3500000| PB 0x00000000a3500000| Untracked |  0
|  54|0x00000000a3600000, 0x00000000a3700000, 0x00000000a3700000|100%| O|Cm|TAMS 0x00000000a3600000| PB 0x00000000a3600000| Complete |  0
|  55|0x00000000a3700000, 0x00000000a3800000, 0x00000000a3800000|100%| O|Cm|TAMS 0x00000000a3700000| PB 0x00000000a3700000| Complete |  0
|  56|0x00000000a3800000, 0x00000000a3900000, 0x00000000a3900000|100%| O|Cm|TAMS 0x00000000a3800000| PB 0x00000000a3800000| Complete |  0
|  57|0x00000000a3900000, 0x00000000a3a00000, 0x00000000a3a00000|100%| O|Cm|TAMS 0x00000000a3900000| PB 0x00000000a3900000| Complete |  0
|  58|0x00000000a3a00000, 0x00000000a3b00000, 0x00000000a3b00000|100%|HS|  |TAMS 0x00000000a3a00000| PB 0x00000000a3a00000| Complete |  0
|  59|0x00000000a3b00000, 0x00000000a3c00000, 0x00000000a3c00000|100%| O|  |TAMS 0x00000000a3b00000| PB 0x00000000a3b00000| Untracked |  0
|  60|0x00000000a3c00000, 0x00000000a3d00000, 0x00000000a3d00000|100%| O|Cm|TAMS 0x00000000a3c00000| PB 0x00000000a3c00000| Complete |  0
|  61|0x00000000a3d00000, 0x00000000a3e00000, 0x00000000a3e00000|100%| O|Cm|TAMS 0x00000000a3d00000| PB 0x00000000a3d00000| Complete |  0
|  62|0x00000000a3e00000, 0x00000000a3f00000, 0x00000000a3f00000|100%| O|  |TAMS 0x00000000a3e00000| PB 0x00000000a3e00000| Untracked |  0
|  63|0x00000000a3f00000, 0x00000000a4000000, 0x00000000a4000000|100%| O|Cm|TAMS 0x00000000a3f00000| PB 0x00000000a3f00000| Complete |  0
|  64|0x00000000a4000000, 0x00000000a4100000, 0x00000000a4100000|100%|HS|  |TAMS 0x00000000a4000000| PB 0x00000000a4000000| Complete |  0
|  65|0x00000000a4100000, 0x00000000a4200000, 0x00000000a4200000|100%| O|Cm|TAMS 0x00000000a4100000| PB 0x00000000a4100000| Complete |  0
|  66|0x00000000a4200000, 0x00000000a4300000, 0x00000000a4300000|100%|HS|  |TAMS 0x00000000a4200000| PB 0x00000000a4200000| Complete |  0
|  67|0x00000000a4300000, 0x00000000a4400000, 0x00000000a4400000|100%|HC|  |TAMS 0x00000000a4300000| PB 0x00000000a4300000| Complete |  0
|  68|0x00000000a4400000, 0x00000000a4500000, 0x00000000a4500000|100%|HC|  |TAMS 0x00000000a4400000| PB 0x00000000a4400000| Complete |  0
|  69|0x00000000a4500000, 0x00000000a4600000, 0x00000000a4600000|100%|HS|  |TAMS 0x00000000a4500000| PB 0x00000000a4500000| Complete |  0
|  70|0x00000000a4600000, 0x00000000a4700000, 0x00000000a4700000|100%|HC|  |TAMS 0x00000000a4600000| PB 0x00000000a4600000| Complete |  0
|  71|0x00000000a4700000, 0x00000000a4800000, 0x00000000a4800000|100%|HC|  |TAMS 0x00000000a4700000| PB 0x00000000a4700000| Complete |  0
|  72|0x00000000a4800000, 0x00000000a4900000, 0x00000000a4900000|100%|HS|  |TAMS 0x00000000a4800000| PB 0x00000000a4800000| Complete |  0
|  73|0x00000000a4900000, 0x00000000a4a00000, 0x00000000a4a00000|100%|HC|  |TAMS 0x00000000a4900000| PB 0x00000000a4900000| Complete |  0
|  74|0x00000000a4a00000, 0x00000000a4b00000, 0x00000000a4b00000|100%|HS|  |TAMS 0x00000000a4a00000| PB 0x00000000a4a00000| Complete |  0
|  75|0x00000000a4b00000, 0x00000000a4c00000, 0x00000000a4c00000|100%|HS|  |TAMS 0x00000000a4b00000| PB 0x00000000a4b00000| Complete |  0
|  76|0x00000000a4c00000, 0x00000000a4d00000, 0x00000000a4d00000|100%|HS|  |TAMS 0x00000000a4c00000| PB 0x00000000a4c00000| Complete |  0
|  77|0x00000000a4d00000, 0x00000000a4e00000, 0x00000000a4e00000|100%| O|Cm|TAMS 0x00000000a4d00000| PB 0x00000000a4d00000| Complete |  0
|  78|0x00000000a4e00000, 0x00000000a4f00000, 0x00000000a4f00000|100%| O|  |TAMS 0x00000000a4e00000| PB 0x00000000a4e00000| Untracked |  0
|  79|0x00000000a4f00000, 0x00000000a5000000, 0x00000000a5000000|100%|HS|  |TAMS 0x00000000a4f00000| PB 0x00000000a4f00000| Complete |  0
|  80|0x00000000a5000000, 0x00000000a5100000, 0x00000000a5100000|100%|HS|  |TAMS 0x00000000a5000000| PB 0x00000000a5000000| Complete |  0
|  81|0x00000000a5100000, 0x00000000a5200000, 0x00000000a5200000|100%|HC|  |TAMS 0x00000000a5100000| PB 0x00000000a5100000| Complete |  0
|  82|0x00000000a5200000, 0x00000000a5300000, 0x00000000a5300000|100%|HS|  |TAMS 0x00000000a5200000| PB 0x00000000a5200000| Complete |  0
|  83|0x00000000a5300000, 0x00000000a5400000, 0x00000000a5400000|100%|HC|  |TAMS 0x00000000a5300000| PB 0x00000000a5300000| Complete |  0
|  84|0x00000000a5400000, 0x00000000a5500000, 0x00000000a5500000|100%| O|  |TAMS 0x00000000a5400000| PB 0x00000000a5400000| Untracked |  0
|  85|0x00000000a5500000, 0x00000000a5600000, 0x00000000a5600000|100%| O|  |TAMS 0x00000000a5500000| PB 0x00000000a5500000| Untracked |  0
|  86|0x00000000a5600000, 0x00000000a5600000, 0x00000000a5700000|  0%| F|  |TAMS 0x00000000a5600000| PB 0x00000000a5600000| Untracked |  0
|  87|0x00000000a5700000, 0x00000000a5800000, 0x00000000a5800000|100%| O|  |TAMS 0x00000000a5700000| PB 0x00000000a5700000| Untracked |  0
|  88|0x00000000a5800000, 0x00000000a5900000, 0x00000000a5900000|100%|HS|  |TAMS 0x00000000a5800000| PB 0x00000000a5800000| Complete |  0
|  89|0x00000000a5900000, 0x00000000a5a00000, 0x00000000a5a00000|100%|HC|  |TAMS 0x00000000a5900000| PB 0x00000000a5900000| Complete |  0
|  90|0x00000000a5a00000, 0x00000000a5b00000, 0x00000000a5b00000|100%| O|  |TAMS 0x00000000a5a00000| PB 0x00000000a5a00000| Untracked |  0
|  91|0x00000000a5b00000, 0x00000000a5c00000, 0x00000000a5c00000|100%|HS|  |TAMS 0x00000000a5b00000| PB 0x00000000a5b00000| Complete |  0
|  92|0x00000000a5c00000, 0x00000000a5d00000, 0x00000000a5d00000|100%|HC|  |TAMS 0x00000000a5c00000| PB 0x00000000a5c00000| Complete |  0
|  93|0x00000000a5d00000, 0x00000000a5e00000, 0x00000000a5e00000|100%|HS|  |TAMS 0x00000000a5d00000| PB 0x00000000a5d00000| Complete |  0
|  94|0x00000000a5e00000, 0x00000000a5f00000, 0x00000000a5f00000|100%|HC|  |TAMS 0x00000000a5e00000| PB 0x00000000a5e00000| Complete |  0
|  95|0x00000000a5f00000, 0x00000000a6000000, 0x00000000a6000000|100%|HS|  |TAMS 0x00000000a5f00000| PB 0x00000000a5f00000| Complete |  0
|  96|0x00000000a6000000, 0x00000000a6100000, 0x00000000a6100000|100%|HC|  |TAMS 0x00000000a6000000| PB 0x00000000a6000000| Complete |  0
|  97|0x00000000a6100000, 0x00000000a6200000, 0x00000000a6200000|100%| O|  |TAMS 0x00000000a6100000| PB 0x00000000a6100000| Untracked |  0
|  98|0x00000000a6200000, 0x00000000a6300000, 0x00000000a6300000|100%| O|  |TAMS 0x00000000a6200000| PB 0x00000000a6200000| Untracked |  0
|  99|0x00000000a6300000, 0x00000000a6400000, 0x00000000a6400000|100%|HS|  |TAMS 0x00000000a6300000| PB 0x00000000a6300000| Complete |  0
| 100|0x00000000a6400000, 0x00000000a6500000, 0x00000000a6500000|100%|HC|  |TAMS 0x00000000a6400000| PB 0x00000000a6400000| Complete |  0
| 101|0x00000000a6500000, 0x00000000a6500000, 0x00000000a6600000|  0%| F|  |TAMS 0x00000000a6500000| PB 0x00000000a6500000| Untracked |  0
| 102|0x00000000a6600000, 0x00000000a6700000, 0x00000000a6700000|100%|HS|  |TAMS 0x00000000a6600000| PB 0x00000000a6600000| Complete |  0
| 103|0x00000000a6700000, 0x00000000a6800000, 0x00000000a6800000|100%| O|  |TAMS 0x00000000a6700000| PB 0x00000000a6700000| Untracked |  0
| 104|0x00000000a6800000, 0x00000000a6900000, 0x00000000a6900000|100%| O|  |TAMS 0x00000000a6800000| PB 0x00000000a6800000| Untracked |  0
| 105|0x00000000a6900000, 0x00000000a6a00000, 0x00000000a6a00000|100%| O|  |TAMS 0x00000000a6900000| PB 0x00000000a6900000| Untracked |  0
| 106|0x00000000a6a00000, 0x00000000a6b00000, 0x00000000a6b00000|100%| O|Cm|TAMS 0x00000000a6a00000| PB 0x00000000a6a00000| Complete |  0
| 107|0x00000000a6b00000, 0x00000000a6c00000, 0x00000000a6c00000|100%|HS|  |TAMS 0x00000000a6b00000| PB 0x00000000a6b00000| Complete |  0
| 108|0x00000000a6c00000, 0x00000000a6d00000, 0x00000000a6d00000|100%|HC|  |TAMS 0x00000000a6c00000| PB 0x00000000a6c00000| Complete |  0
| 109|0x00000000a6d00000, 0x00000000a6e00000, 0x00000000a6e00000|100%| O|Cm|TAMS 0x00000000a6d00000| PB 0x00000000a6d00000| Complete |  0
| 110|0x00000000a6e00000, 0x00000000a6f00000, 0x00000000a6f00000|100%| O|  |TAMS 0x00000000a6e00000| PB 0x00000000a6e00000| Untracked |  0
| 111|0x00000000a6f00000, 0x00000000a7000000, 0x00000000a7000000|100%| O|  |TAMS 0x00000000a6f00000| PB 0x00000000a6f00000| Untracked |  0
| 112|0x00000000a7000000, 0x00000000a7100000, 0x00000000a7100000|100%| O|  |TAMS 0x00000000a7000000| PB 0x00000000a7000000| Untracked |  0
| 113|0x00000000a7100000, 0x00000000a7200000, 0x00000000a7200000|100%| O|  |TAMS 0x00000000a7100000| PB 0x00000000a7100000| Untracked |  0
| 114|0x00000000a7200000, 0x00000000a7300000, 0x00000000a7300000|100%| O|Cm|TAMS 0x00000000a7200000| PB 0x00000000a7200000| Complete |  0
| 115|0x00000000a7300000, 0x00000000a7400000, 0x00000000a7400000|100%| O|  |TAMS 0x00000000a7300000| PB 0x00000000a7300000| Untracked |  0
| 116|0x00000000a7400000, 0x00000000a7500000, 0x00000000a7500000|100%| O|  |TAMS 0x00000000a7400000| PB 0x00000000a7400000| Untracked |  0
| 117|0x00000000a7500000, 0x00000000a7600000, 0x00000000a7600000|100%| O|  |TAMS 0x00000000a7500000| PB 0x00000000a7500000| Untracked |  0
| 118|0x00000000a7600000, 0x00000000a7700000, 0x00000000a7700000|100%| O|  |TAMS 0x00000000a7600000| PB 0x00000000a7600000| Untracked |  0
| 119|0x00000000a7700000, 0x00000000a7800000, 0x00000000a7800000|100%| O|Cm|TAMS 0x00000000a7700000| PB 0x00000000a7700000| Complete |  0
| 120|0x00000000a7800000, 0x00000000a7900000, 0x00000000a7900000|100%| O|Cm|TAMS 0x00000000a7800000| PB 0x00000000a7800000| Complete |  0
| 121|0x00000000a7900000, 0x00000000a7900000, 0x00000000a7a00000|  0%| F|  |TAMS 0x00000000a7900000| PB 0x00000000a7900000| Untracked |  0
| 122|0x00000000a7a00000, 0x00000000a7b00000, 0x00000000a7b00000|100%| O|  |TAMS 0x00000000a7a00000| PB 0x00000000a7a00000| Untracked |  0
| 123|0x00000000a7b00000, 0x00000000a7c00000, 0x00000000a7c00000|100%| O|  |TAMS 0x00000000a7b00000| PB 0x00000000a7b00000| Untracked |  0
| 124|0x00000000a7c00000, 0x00000000a7d00000, 0x00000000a7d00000|100%| O|  |TAMS 0x00000000a7c00000| PB 0x00000000a7c00000| Untracked |  0
| 125|0x00000000a7d00000, 0x00000000a7e00000, 0x00000000a7e00000|100%| O|  |TAMS 0x00000000a7d00000| PB 0x00000000a7d00000| Untracked |  0
| 126|0x00000000a7e00000, 0x00000000a7e00000, 0x00000000a7f00000|  0%| F|  |TAMS 0x00000000a7e00000| PB 0x00000000a7e00000| Untracked |  0
| 127|0x00000000a7f00000, 0x00000000a8000000, 0x00000000a8000000|100%| O|  |TAMS 0x00000000a7f00000| PB 0x00000000a7f00000| Untracked |  0
| 128|0x00000000a8000000, 0x00000000a8100000, 0x00000000a8100000|100%| O|  |TAMS 0x00000000a8000000| PB 0x00000000a8000000| Untracked |  0
| 129|0x00000000a8100000, 0x00000000a8200000, 0x00000000a8200000|100%| O|  |TAMS 0x00000000a8100000| PB 0x00000000a8100000| Untracked |  0
| 130|0x00000000a8200000, 0x00000000a8300000, 0x00000000a8300000|100%| O|  |TAMS 0x00000000a8200000| PB 0x00000000a8200000| Untracked |  0
| 131|0x00000000a8300000, 0x00000000a8400000, 0x00000000a8400000|100%|HS|  |TAMS 0x00000000a8300000| PB 0x00000000a8300000| Complete |  0
| 132|0x00000000a8400000, 0x00000000a8500000, 0x00000000a8500000|100%|HC|  |TAMS 0x00000000a8400000| PB 0x00000000a8400000| Complete |  0
| 133|0x00000000a8500000, 0x00000000a8600000, 0x00000000a8600000|100%|HC|  |TAMS 0x00000000a8500000| PB 0x00000000a8500000| Complete |  0
| 134|0x00000000a8600000, 0x00000000a8700000, 0x00000000a8700000|100%|HC|  |TAMS 0x00000000a8600000| PB 0x00000000a8600000| Complete |  0
| 135|0x00000000a8700000, 0x00000000a8800000, 0x00000000a8800000|100%|HC|  |TAMS 0x00000000a8700000| PB 0x00000000a8700000| Complete |  0
| 136|0x00000000a8800000, 0x00000000a8900000, 0x00000000a8900000|100%|HC|  |TAMS 0x00000000a8800000| PB 0x00000000a8800000| Complete |  0
| 137|0x00000000a8900000, 0x00000000a8a00000, 0x00000000a8a00000|100%|HC|  |TAMS 0x00000000a8900000| PB 0x00000000a8900000| Complete |  0
| 138|0x00000000a8a00000, 0x00000000a8b00000, 0x00000000a8b00000|100%|HC|  |TAMS 0x00000000a8a00000| PB 0x00000000a8a00000| Complete |  0
| 139|0x00000000a8b00000, 0x00000000a8c00000, 0x00000000a8c00000|100%|HC|  |TAMS 0x00000000a8b00000| PB 0x00000000a8b00000| Complete |  0
| 140|0x00000000a8c00000, 0x00000000a8c00000, 0x00000000a8d00000|  0%| F|  |TAMS 0x00000000a8c00000| PB 0x00000000a8c00000| Untracked |  0
| 141|0x00000000a8d00000, 0x00000000a8e00000, 0x00000000a8e00000|100%| O|  |TAMS 0x00000000a8d00000| PB 0x00000000a8d00000| Untracked |  0
| 142|0x00000000a8e00000, 0x00000000a8f00000, 0x00000000a8f00000|100%|HS|  |TAMS 0x00000000a8e00000| PB 0x00000000a8e00000| Complete |  0
| 143|0x00000000a8f00000, 0x00000000a9000000, 0x00000000a9000000|100%|HC|  |TAMS 0x00000000a8f00000| PB 0x00000000a8f00000| Complete |  0
| 144|0x00000000a9000000, 0x00000000a9100000, 0x00000000a9100000|100%|HC|  |TAMS 0x00000000a9000000| PB 0x00000000a9000000| Complete |  0
| 145|0x00000000a9100000, 0x00000000a9200000, 0x00000000a9200000|100%|HC|  |TAMS 0x00000000a9100000| PB 0x00000000a9100000| Complete |  0
| 146|0x00000000a9200000, 0x00000000a9300000, 0x00000000a9300000|100%|HC|  |TAMS 0x00000000a9200000| PB 0x00000000a9200000| Complete |  0
| 147|0x00000000a9300000, 0x00000000a9400000, 0x00000000a9400000|100%|HC|  |TAMS 0x00000000a9300000| PB 0x00000000a9300000| Complete |  0
| 148|0x00000000a9400000, 0x00000000a9500000, 0x00000000a9500000|100%|HC|  |TAMS 0x00000000a9400000| PB 0x00000000a9400000| Complete |  0
| 149|0x00000000a9500000, 0x00000000a9600000, 0x00000000a9600000|100%|HC|  |TAMS 0x00000000a9500000| PB 0x00000000a9500000| Complete |  0
| 150|0x00000000a9600000, 0x00000000a9700000, 0x00000000a9700000|100%|HC|  |TAMS 0x00000000a9600000| PB 0x00000000a9600000| Complete |  0
| 151|0x00000000a9700000, 0x00000000a9800000, 0x00000000a9800000|100%|HS|  |TAMS 0x00000000a9700000| PB 0x00000000a9700000| Complete |  0
| 152|0x00000000a9800000, 0x00000000a9900000, 0x00000000a9900000|100%|HC|  |TAMS 0x00000000a9800000| PB 0x00000000a9800000| Complete |  0
| 153|0x00000000a9900000, 0x00000000a9900000, 0x00000000a9a00000|  0%| F|  |TAMS 0x00000000a9900000| PB 0x00000000a9900000| Untracked |  0
| 154|0x00000000a9a00000, 0x00000000a9b00000, 0x00000000a9b00000|100%| O|  |TAMS 0x00000000a9a00000| PB 0x00000000a9a00000| Untracked |  0
| 155|0x00000000a9b00000, 0x00000000a9c00000, 0x00000000a9c00000|100%| O|  |TAMS 0x00000000a9b00000| PB 0x00000000a9b00000| Untracked |  0
| 156|0x00000000a9c00000, 0x00000000a9d00000, 0x00000000a9d00000|100%|HS|  |TAMS 0x00000000a9c00000| PB 0x00000000a9c00000| Complete |  0
| 157|0x00000000a9d00000, 0x00000000a9e00000, 0x00000000a9e00000|100%|HC|  |TAMS 0x00000000a9d00000| PB 0x00000000a9d00000| Complete |  0
| 158|0x00000000a9e00000, 0x00000000a9f00000, 0x00000000a9f00000|100%|HS|  |TAMS 0x00000000a9e00000| PB 0x00000000a9e00000| Complete |  0
| 159|0x00000000a9f00000, 0x00000000aa000000, 0x00000000aa000000|100%|HC|  |TAMS 0x00000000a9f00000| PB 0x00000000a9f00000| Complete |  0
| 160|0x00000000aa000000, 0x00000000aa100000, 0x00000000aa100000|100%|HS|  |TAMS 0x00000000aa000000| PB 0x00000000aa000000| Complete |  0
| 161|0x00000000aa100000, 0x00000000aa200000, 0x00000000aa200000|100%|HC|  |TAMS 0x00000000aa100000| PB 0x00000000aa100000| Complete |  0
| 162|0x00000000aa200000, 0x00000000aa300000, 0x00000000aa300000|100%|HS|  |TAMS 0x00000000aa200000| PB 0x00000000aa200000| Complete |  0
| 163|0x00000000aa300000, 0x00000000aa400000, 0x00000000aa400000|100%|HC|  |TAMS 0x00000000aa300000| PB 0x00000000aa300000| Complete |  0
| 164|0x00000000aa400000, 0x00000000aa500000, 0x00000000aa500000|100%|HC|  |TAMS 0x00000000aa400000| PB 0x00000000aa400000| Complete |  0
| 165|0x00000000aa500000, 0x00000000aa600000, 0x00000000aa600000|100%|HC|  |TAMS 0x00000000aa500000| PB 0x00000000aa500000| Complete |  0
| 166|0x00000000aa600000, 0x00000000aa700000, 0x00000000aa700000|100%|HC|  |TAMS 0x00000000aa600000| PB 0x00000000aa600000| Complete |  0
| 167|0x00000000aa700000, 0x00000000aa800000, 0x00000000aa800000|100%|HC|  |TAMS 0x00000000aa700000| PB 0x00000000aa700000| Complete |  0
| 168|0x00000000aa800000, 0x00000000aa900000, 0x00000000aa900000|100%|HC|  |TAMS 0x00000000aa800000| PB 0x00000000aa800000| Complete |  0
| 169|0x00000000aa900000, 0x00000000aaa00000, 0x00000000aaa00000|100%|HC|  |TAMS 0x00000000aa900000| PB 0x00000000aa900000| Complete |  0
| 170|0x00000000aaa00000, 0x00000000aab00000, 0x00000000aab00000|100%|HC|  |TAMS 0x00000000aaa00000| PB 0x00000000aaa00000| Complete |  0
| 171|0x00000000aab00000, 0x00000000aac00000, 0x00000000aac00000|100%|HS|  |TAMS 0x00000000aab00000| PB 0x00000000aab00000| Complete |  0
| 172|0x00000000aac00000, 0x00000000aad00000, 0x00000000aad00000|100%|HC|  |TAMS 0x00000000aac00000| PB 0x00000000aac00000| Complete |  0
| 173|0x00000000aad00000, 0x00000000aad00000, 0x00000000aae00000|  0%| F|  |TAMS 0x00000000aad00000| PB 0x00000000aad00000| Untracked |  0
| 174|0x00000000aae00000, 0x00000000aaf00000, 0x00000000aaf00000|100%| O|Cm|TAMS 0x00000000aae00000| PB 0x00000000aae00000| Complete |  0
| 175|0x00000000aaf00000, 0x00000000ab000000, 0x00000000ab000000|100%| O|Cm|TAMS 0x00000000aaf00000| PB 0x00000000aaf00000| Complete |  0
| 176|0x00000000ab000000, 0x00000000ab100000, 0x00000000ab100000|100%| O|  |TAMS 0x00000000ab000000| PB 0x00000000ab000000| Untracked |  0
| 177|0x00000000ab100000, 0x00000000ab200000, 0x00000000ab200000|100%| O|  |TAMS 0x00000000ab100000| PB 0x00000000ab100000| Untracked |  0
| 178|0x00000000ab200000, 0x00000000ab300000, 0x00000000ab300000|100%| O|Cm|TAMS 0x00000000ab200000| PB 0x00000000ab200000| Complete |  0
| 179|0x00000000ab300000, 0x00000000ab400000, 0x00000000ab400000|100%| O|  |TAMS 0x00000000ab300000| PB 0x00000000ab300000| Untracked |  0
| 180|0x00000000ab400000, 0x00000000ab500000, 0x00000000ab500000|100%| O|Cm|TAMS 0x00000000ab400000| PB 0x00000000ab400000| Complete |  0
| 181|0x00000000ab500000, 0x00000000ab600000, 0x00000000ab600000|100%| O|Cm|TAMS 0x00000000ab500000| PB 0x00000000ab500000| Complete |  0
| 182|0x00000000ab600000, 0x00000000ab700000, 0x00000000ab700000|100%| O|  |TAMS 0x00000000ab600000| PB 0x00000000ab600000| Untracked |  0
| 183|0x00000000ab700000, 0x00000000ab800000, 0x00000000ab800000|100%| O|Cm|TAMS 0x00000000ab700000| PB 0x00000000ab700000| Complete |  0
| 184|0x00000000ab800000, 0x00000000ab900000, 0x00000000ab900000|100%| O|Cm|TAMS 0x00000000ab800000| PB 0x00000000ab800000| Complete |  0
| 185|0x00000000ab900000, 0x00000000aba00000, 0x00000000aba00000|100%| O|Cm|TAMS 0x00000000ab900000| PB 0x00000000ab900000| Complete |  0
| 186|0x00000000aba00000, 0x00000000abb00000, 0x00000000abb00000|100%| O|Cm|TAMS 0x00000000aba00000| PB 0x00000000aba00000| Complete |  0
| 187|0x00000000abb00000, 0x00000000abc00000, 0x00000000abc00000|100%| O|Cm|TAMS 0x00000000abb00000| PB 0x00000000abb00000| Complete |  0
| 188|0x00000000abc00000, 0x00000000abd00000, 0x00000000abd00000|100%| O|Cm|TAMS 0x00000000abc00000| PB 0x00000000abc00000| Complete |  0
| 189|0x00000000abd00000, 0x00000000abe00000, 0x00000000abe00000|100%|HS|  |TAMS 0x00000000abd00000| PB 0x00000000abd00000| Complete |  0
| 190|0x00000000abe00000, 0x00000000abf00000, 0x00000000abf00000|100%|HC|  |TAMS 0x00000000abe00000| PB 0x00000000abe00000| Complete |  0
| 191|0x00000000abf00000, 0x00000000ac000000, 0x00000000ac000000|100%|HS|  |TAMS 0x00000000abf00000| PB 0x00000000abf00000| Complete |  0
| 192|0x00000000ac000000, 0x00000000ac100000, 0x00000000ac100000|100%|HC|  |TAMS 0x00000000ac000000| PB 0x00000000ac000000| Complete |  0
| 193|0x00000000ac100000, 0x00000000ac100000, 0x00000000ac200000|  0%| F|  |TAMS 0x00000000ac100000| PB 0x00000000ac100000| Untracked |  0
| 194|0x00000000ac200000, 0x00000000ac300000, 0x00000000ac300000|100%| O|Cm|TAMS 0x00000000ac200000| PB 0x00000000ac200000| Complete |  0
| 195|0x00000000ac300000, 0x00000000ac400000, 0x00000000ac400000|100%|HS|  |TAMS 0x00000000ac300000| PB 0x00000000ac300000| Complete |  0
| 196|0x00000000ac400000, 0x00000000ac500000, 0x00000000ac500000|100%|HC|  |TAMS 0x00000000ac400000| PB 0x00000000ac400000| Complete |  0
| 197|0x00000000ac500000, 0x00000000ac600000, 0x00000000ac600000|100%|HC|  |TAMS 0x00000000ac500000| PB 0x00000000ac500000| Complete |  0
| 198|0x00000000ac600000, 0x00000000ac700000, 0x00000000ac700000|100%|HC|  |TAMS 0x00000000ac600000| PB 0x00000000ac600000| Complete |  0
| 199|0x00000000ac700000, 0x00000000ac800000, 0x00000000ac800000|100%|HC|  |TAMS 0x00000000ac700000| PB 0x00000000ac700000| Complete |  0
| 200|0x00000000ac800000, 0x00000000ac900000, 0x00000000ac900000|100%|HC|  |TAMS 0x00000000ac800000| PB 0x00000000ac800000| Complete |  0
| 201|0x00000000ac900000, 0x00000000aca00000, 0x00000000aca00000|100%|HC|  |TAMS 0x00000000ac900000| PB 0x00000000ac900000| Complete |  0
| 202|0x00000000aca00000, 0x00000000acb00000, 0x00000000acb00000|100%|HC|  |TAMS 0x00000000aca00000| PB 0x00000000aca00000| Complete |  0
| 203|0x00000000acb00000, 0x00000000acc00000, 0x00000000acc00000|100%|HC|  |TAMS 0x00000000acb00000| PB 0x00000000acb00000| Complete |  0
| 204|0x00000000acc00000, 0x00000000acd00000, 0x00000000acd00000|100%|HS|  |TAMS 0x00000000acc00000| PB 0x00000000acc00000| Complete |  0
| 205|0x00000000acd00000, 0x00000000ace00000, 0x00000000ace00000|100%|HC|  |TAMS 0x00000000acd00000| PB 0x00000000acd00000| Complete |  0
| 206|0x00000000ace00000, 0x00000000acf00000, 0x00000000acf00000|100%|HS|  |TAMS 0x00000000ace00000| PB 0x00000000ace00000| Complete |  0
| 207|0x00000000acf00000, 0x00000000ad000000, 0x00000000ad000000|100%|HC|  |TAMS 0x00000000acf00000| PB 0x00000000acf00000| Complete |  0
| 208|0x00000000ad000000, 0x00000000ad100000, 0x00000000ad100000|100%|HS|  |TAMS 0x00000000ad000000| PB 0x00000000ad000000| Complete |  0
| 209|0x00000000ad100000, 0x00000000ad200000, 0x00000000ad200000|100%|HC|  |TAMS 0x00000000ad100000| PB 0x00000000ad100000| Complete |  0
| 210|0x00000000ad200000, 0x00000000ad300000, 0x00000000ad300000|100%|HS|  |TAMS 0x00000000ad200000| PB 0x00000000ad200000| Complete |  0
| 211|0x00000000ad300000, 0x00000000ad400000, 0x00000000ad400000|100%|HC|  |TAMS 0x00000000ad300000| PB 0x00000000ad300000| Complete |  0
| 212|0x00000000ad400000, 0x00000000ad500000, 0x00000000ad500000|100%|HS|  |TAMS 0x00000000ad400000| PB 0x00000000ad400000| Complete |  0
| 213|0x00000000ad500000, 0x00000000ad600000, 0x00000000ad600000|100%|HC|  |TAMS 0x00000000ad500000| PB 0x00000000ad500000| Complete |  0
| 214|0x00000000ad600000, 0x00000000ad700000, 0x00000000ad700000|100%|HS|  |TAMS 0x00000000ad600000| PB 0x00000000ad600000| Complete |  0
| 215|0x00000000ad700000, 0x00000000ad800000, 0x00000000ad800000|100%|HC|  |TAMS 0x00000000ad700000| PB 0x00000000ad700000| Complete |  0
| 216|0x00000000ad800000, 0x00000000ad900000, 0x00000000ad900000|100%|HS|  |TAMS 0x00000000ad800000| PB 0x00000000ad800000| Complete |  0
| 217|0x00000000ad900000, 0x00000000ada00000, 0x00000000ada00000|100%|HC|  |TAMS 0x00000000ad900000| PB 0x00000000ad900000| Complete |  0
| 218|0x00000000ada00000, 0x00000000adb00000, 0x00000000adb00000|100%|HS|  |TAMS 0x00000000ada00000| PB 0x00000000ada00000| Complete |  0
| 219|0x00000000adb00000, 0x00000000adc00000, 0x00000000adc00000|100%|HC|  |TAMS 0x00000000adb00000| PB 0x00000000adb00000| Complete |  0
| 220|0x00000000adc00000, 0x00000000add00000, 0x00000000add00000|100%|HS|  |TAMS 0x00000000adc00000| PB 0x00000000adc00000| Complete |  0
| 221|0x00000000add00000, 0x00000000ade00000, 0x00000000ade00000|100%|HC|  |TAMS 0x00000000add00000| PB 0x00000000add00000| Complete |  0
| 222|0x00000000ade00000, 0x00000000adf00000, 0x00000000adf00000|100%|HS|  |TAMS 0x00000000ade00000| PB 0x00000000ade00000| Complete |  0
| 223|0x00000000adf00000, 0x00000000ae000000, 0x00000000ae000000|100%|HC|  |TAMS 0x00000000adf00000| PB 0x00000000adf00000| Complete |  0
| 224|0x00000000ae000000, 0x00000000ae100000, 0x00000000ae100000|100%|HS|  |TAMS 0x00000000ae000000| PB 0x00000000ae000000| Complete |  0
| 225|0x00000000ae100000, 0x00000000ae200000, 0x00000000ae200000|100%|HC|  |TAMS 0x00000000ae100000| PB 0x00000000ae100000| Complete |  0
| 226|0x00000000ae200000, 0x00000000ae300000, 0x00000000ae300000|100%|HS|  |TAMS 0x00000000ae200000| PB 0x00000000ae200000| Complete |  0
| 227|0x00000000ae300000, 0x00000000ae400000, 0x00000000ae400000|100%|HC|  |TAMS 0x00000000ae300000| PB 0x00000000ae300000| Complete |  0
| 228|0x00000000ae400000, 0x00000000ae500000, 0x00000000ae500000|100%|HS|  |TAMS 0x00000000ae400000| PB 0x00000000ae400000| Complete |  0
| 229|0x00000000ae500000, 0x00000000ae600000, 0x00000000ae600000|100%|HC|  |TAMS 0x00000000ae500000| PB 0x00000000ae500000| Complete |  0
| 230|0x00000000ae600000, 0x00000000ae600000, 0x00000000ae700000|  0%| F|  |TAMS 0x00000000ae600000| PB 0x00000000ae600000| Untracked |  0
| 231|0x00000000ae700000, 0x00000000ae700000, 0x00000000ae800000|  0%| F|  |TAMS 0x00000000ae700000| PB 0x00000000ae700000| Untracked |  0
| 232|0x00000000ae800000, 0x00000000ae800000, 0x00000000ae900000|  0%| F|  |TAMS 0x00000000ae800000| PB 0x00000000ae800000| Untracked |  0
| 233|0x00000000ae900000, 0x00000000ae900000, 0x00000000aea00000|  0%| F|  |TAMS 0x00000000ae900000| PB 0x00000000ae900000| Untracked |  0
| 234|0x00000000aea00000, 0x00000000aea00000, 0x00000000aeb00000|  0%| F|  |TAMS 0x00000000aea00000| PB 0x00000000aea00000| Untracked |  0
| 235|0x00000000aeb00000, 0x00000000aebe6e60, 0x00000000aec00000| 90%| E|  |TAMS 0x00000000aeb00000| PB 0x00000000aeb00000| Complete |  0
| 236|0x00000000aec00000, 0x00000000aed00000, 0x00000000aed00000|100%| E|CS|TAMS 0x00000000aec00000| PB 0x00000000aec00000| Complete |  0
| 237|0x00000000aed00000, 0x00000000aee00000, 0x00000000aee00000|100%| E|CS|TAMS 0x00000000aed00000| PB 0x00000000aed00000| Complete |  0
| 238|0x00000000aee00000, 0x00000000aef00000, 0x00000000aef00000|100%| E|CS|TAMS 0x00000000aee00000| PB 0x00000000aee00000| Complete |  0
| 239|0x00000000aef00000, 0x00000000af000000, 0x00000000af000000|100%| E|CS|TAMS 0x00000000aef00000| PB 0x00000000aef00000| Complete |  0
| 240|0x00000000af000000, 0x00000000af100000, 0x00000000af100000|100%| E|CS|TAMS 0x00000000af000000| PB 0x00000000af000000| Complete |  0
| 241|0x00000000af100000, 0x00000000af200000, 0x00000000af200000|100%| E|CS|TAMS 0x00000000af100000| PB 0x00000000af100000| Complete |  0
| 242|0x00000000af200000, 0x00000000af300000, 0x00000000af300000|100%| E|CS|TAMS 0x00000000af200000| PB 0x00000000af200000| Complete |  0
| 243|0x00000000af300000, 0x00000000af400000, 0x00000000af400000|100%| E|CS|TAMS 0x00000000af300000| PB 0x00000000af300000| Complete |  0
| 244|0x00000000af400000, 0x00000000af500000, 0x00000000af500000|100%| E|CS|TAMS 0x00000000af400000| PB 0x00000000af400000| Complete |  0
| 245|0x00000000af500000, 0x00000000af600000, 0x00000000af600000|100%| E|CS|TAMS 0x00000000af500000| PB 0x00000000af500000| Complete |  0
| 246|0x00000000af600000, 0x00000000af700000, 0x00000000af700000|100%| E|CS|TAMS 0x00000000af600000| PB 0x00000000af600000| Complete |  0
| 247|0x00000000af700000, 0x00000000af800000, 0x00000000af800000|100%| E|CS|TAMS 0x00000000af700000| PB 0x00000000af700000| Complete |  0
| 248|0x00000000af800000, 0x00000000af900000, 0x00000000af900000|100%| E|CS|TAMS 0x00000000af800000| PB 0x00000000af800000| Complete |  0
| 249|0x00000000af900000, 0x00000000afa00000, 0x00000000afa00000|100%| E|CS|TAMS 0x00000000af900000| PB 0x00000000af900000| Complete |  0
| 250|0x00000000afa00000, 0x00000000afb00000, 0x00000000afb00000|100%| E|CS|TAMS 0x00000000afa00000| PB 0x00000000afa00000| Complete |  0
| 251|0x00000000afb00000, 0x00000000afc00000, 0x00000000afc00000|100%| E|CS|TAMS 0x00000000afb00000| PB 0x00000000afb00000| Complete |  0
| 252|0x00000000afc00000, 0x00000000afd00000, 0x00000000afd00000|100%| E|CS|TAMS 0x00000000afc00000| PB 0x00000000afc00000| Complete |  0
| 253|0x00000000afd00000, 0x00000000afe00000, 0x00000000afe00000|100%| E|CS|TAMS 0x00000000afd00000| PB 0x00000000afd00000| Complete |  0
| 254|0x00000000afe00000, 0x00000000aff00000, 0x00000000aff00000|100%| E|CS|TAMS 0x00000000afe00000| PB 0x00000000afe00000| Complete |  0
| 255|0x00000000aff00000, 0x00000000b0000000, 0x00000000b0000000|100%| E|CS|TAMS 0x00000000aff00000| PB 0x00000000aff00000| Complete |  0
| 256|0x00000000b0000000, 0x00000000b0100000, 0x00000000b0100000|100%| E|CS|TAMS 0x00000000b0000000| PB 0x00000000b0000000| Complete |  0
| 257|0x00000000b0100000, 0x00000000b0200000, 0x00000000b0200000|100%| E|CS|TAMS 0x00000000b0100000| PB 0x00000000b0100000| Complete |  0
| 258|0x00000000b0200000, 0x00000000b0300000, 0x00000000b0300000|100%| E|CS|TAMS 0x00000000b0200000| PB 0x00000000b0200000| Complete |  0
| 259|0x00000000b0300000, 0x00000000b0400000, 0x00000000b0400000|100%| E|  |TAMS 0x00000000b0300000| PB 0x00000000b0300000| Complete |  0
| 260|0x00000000b0400000, 0x00000000b0500000, 0x00000000b0500000|100%| E|CS|TAMS 0x00000000b0400000| PB 0x00000000b0400000| Complete |  0
| 261|0x00000000b0500000, 0x00000000b0600000, 0x00000000b0600000|100%| E|CS|TAMS 0x00000000b0500000| PB 0x00000000b0500000| Complete |  0
| 262|0x00000000b0600000, 0x00000000b0700000, 0x00000000b0700000|100%| E|CS|TAMS 0x00000000b0600000| PB 0x00000000b0600000| Complete |  0
| 263|0x00000000b0700000, 0x00000000b0800000, 0x00000000b0800000|100%| E|CS|TAMS 0x00000000b0700000| PB 0x00000000b0700000| Complete |  0
| 264|0x00000000b0800000, 0x00000000b0900000, 0x00000000b0900000|100%| E|CS|TAMS 0x00000000b0800000| PB 0x00000000b0800000| Complete |  0
| 265|0x00000000b0900000, 0x00000000b0a00000, 0x00000000b0a00000|100%| E|CS|TAMS 0x00000000b0900000| PB 0x00000000b0900000| Complete |  0
| 266|0x00000000b0a00000, 0x00000000b0b00000, 0x00000000b0b00000|100%| E|CS|TAMS 0x00000000b0a00000| PB 0x00000000b0a00000| Complete |  0
| 267|0x00000000b0b00000, 0x00000000b0c00000, 0x00000000b0c00000|100%| E|CS|TAMS 0x00000000b0b00000| PB 0x00000000b0b00000| Complete |  0
| 268|0x00000000b0c00000, 0x00000000b0d00000, 0x00000000b0d00000|100%| E|CS|TAMS 0x00000000b0c00000| PB 0x00000000b0c00000| Complete |  0
| 269|0x00000000b0d00000, 0x00000000b0e00000, 0x00000000b0e00000|100%| E|CS|TAMS 0x00000000b0d00000| PB 0x00000000b0d00000| Complete |  0
| 270|0x00000000b0e00000, 0x00000000b0f00000, 0x00000000b0f00000|100%| E|CS|TAMS 0x00000000b0e00000| PB 0x00000000b0e00000| Complete |  0
| 271|0x00000000b0f00000, 0x00000000b1000000, 0x00000000b1000000|100%| E|CS|TAMS 0x00000000b0f00000| PB 0x00000000b0f00000| Complete |  0
| 272|0x00000000b1000000, 0x00000000b1100000, 0x00000000b1100000|100%| E|CS|TAMS 0x00000000b1000000| PB 0x00000000b1000000| Complete |  0
| 273|0x00000000b1100000, 0x00000000b1200000, 0x00000000b1200000|100%| E|CS|TAMS 0x00000000b1100000| PB 0x00000000b1100000| Complete |  0
| 274|0x00000000b1200000, 0x00000000b1300000, 0x00000000b1300000|100%| E|CS|TAMS 0x00000000b1200000| PB 0x00000000b1200000| Complete |  0
| 275|0x00000000b1300000, 0x00000000b1400000, 0x00000000b1400000|100%| E|CS|TAMS 0x00000000b1300000| PB 0x00000000b1300000| Complete |  0
| 276|0x00000000b1400000, 0x00000000b1500000, 0x00000000b1500000|100%| E|CS|TAMS 0x00000000b1400000| PB 0x00000000b1400000| Complete |  0
| 277|0x00000000b1500000, 0x00000000b1600000, 0x00000000b1600000|100%| E|CS|TAMS 0x00000000b1500000| PB 0x00000000b1500000| Complete |  0
| 278|0x00000000b1600000, 0x00000000b1700000, 0x00000000b1700000|100%| E|CS|TAMS 0x00000000b1600000| PB 0x00000000b1600000| Complete |  0
| 279|0x00000000b1700000, 0x00000000b1800000, 0x00000000b1800000|100%| E|CS|TAMS 0x00000000b1700000| PB 0x00000000b1700000| Complete |  0
| 280|0x00000000b1800000, 0x00000000b1900000, 0x00000000b1900000|100%| E|CS|TAMS 0x00000000b1800000| PB 0x00000000b1800000| Complete |  0
| 281|0x00000000b1900000, 0x00000000b1a00000, 0x00000000b1a00000|100%| E|CS|TAMS 0x00000000b1900000| PB 0x00000000b1900000| Complete |  0
| 282|0x00000000b1a00000, 0x00000000b1b00000, 0x00000000b1b00000|100%| E|CS|TAMS 0x00000000b1a00000| PB 0x00000000b1a00000| Complete |  0
| 283|0x00000000b1b00000, 0x00000000b1c00000, 0x00000000b1c00000|100%| E|CS|TAMS 0x00000000b1b00000| PB 0x00000000b1b00000| Complete |  0
| 284|0x00000000b1c00000, 0x00000000b1d00000, 0x00000000b1d00000|100%| E|CS|TAMS 0x00000000b1c00000| PB 0x00000000b1c00000| Complete |  0
| 285|0x00000000b1d00000, 0x00000000b1e00000, 0x00000000b1e00000|100%| E|CS|TAMS 0x00000000b1d00000| PB 0x00000000b1d00000| Complete |  0
| 286|0x00000000b1e00000, 0x00000000b1f00000, 0x00000000b1f00000|100%| E|CS|TAMS 0x00000000b1e00000| PB 0x00000000b1e00000| Complete |  0
| 287|0x00000000b1f00000, 0x00000000b2000000, 0x00000000b2000000|100%| E|CS|TAMS 0x00000000b1f00000| PB 0x00000000b1f00000| Complete |  0
| 288|0x00000000b2000000, 0x00000000b2100000, 0x00000000b2100000|100%| E|CS|TAMS 0x00000000b2000000| PB 0x00000000b2000000| Complete |  0
| 289|0x00000000b2100000, 0x00000000b2200000, 0x00000000b2200000|100%| E|CS|TAMS 0x00000000b2100000| PB 0x00000000b2100000| Complete |  0
| 290|0x00000000b2200000, 0x00000000b2300000, 0x00000000b2300000|100%| E|CS|TAMS 0x00000000b2200000| PB 0x00000000b2200000| Complete |  0
| 291|0x00000000b2300000, 0x00000000b2400000, 0x00000000b2400000|100%| E|CS|TAMS 0x00000000b2300000| PB 0x00000000b2300000| Complete |  0
| 292|0x00000000b2400000, 0x00000000b2500000, 0x00000000b2500000|100%| E|CS|TAMS 0x00000000b2400000| PB 0x00000000b2400000| Complete |  0
| 293|0x00000000b2500000, 0x00000000b2600000, 0x00000000b2600000|100%| E|CS|TAMS 0x00000000b2500000| PB 0x00000000b2500000| Complete |  0
| 294|0x00000000b2600000, 0x00000000b2700000, 0x00000000b2700000|100%| E|CS|TAMS 0x00000000b2600000| PB 0x00000000b2600000| Complete |  0
| 295|0x00000000b2700000, 0x00000000b2800000, 0x00000000b2800000|100%| E|CS|TAMS 0x00000000b2700000| PB 0x00000000b2700000| Complete |  0
| 296|0x00000000b2800000, 0x00000000b2900000, 0x00000000b2900000|100%| E|CS|TAMS 0x00000000b2800000| PB 0x00000000b2800000| Complete |  0
| 297|0x00000000b2900000, 0x00000000b2a00000, 0x00000000b2a00000|100%| E|CS|TAMS 0x00000000b2900000| PB 0x00000000b2900000| Complete |  0
| 298|0x00000000b2a00000, 0x00000000b2b00000, 0x00000000b2b00000|100%| E|CS|TAMS 0x00000000b2a00000| PB 0x00000000b2a00000| Complete |  0
| 299|0x00000000b2b00000, 0x00000000b2c00000, 0x00000000b2c00000|100%| E|CS|TAMS 0x00000000b2b00000| PB 0x00000000b2b00000| Complete |  0
| 300|0x00000000b2c00000, 0x00000000b2d00000, 0x00000000b2d00000|100%| E|CS|TAMS 0x00000000b2c00000| PB 0x00000000b2c00000| Complete |  0
| 301|0x00000000b2d00000, 0x00000000b2e00000, 0x00000000b2e00000|100%| E|CS|TAMS 0x00000000b2d00000| PB 0x00000000b2d00000| Complete |  0
| 302|0x00000000b2e00000, 0x00000000b2f00000, 0x00000000b2f00000|100%| E|CS|TAMS 0x00000000b2e00000| PB 0x00000000b2e00000| Complete |  0
| 303|0x00000000b2f00000, 0x00000000b3000000, 0x00000000b3000000|100%| E|CS|TAMS 0x00000000b2f00000| PB 0x00000000b2f00000| Complete |  0
| 304|0x00000000b3000000, 0x00000000b30a7100, 0x00000000b3100000| 65%| S|CS|TAMS 0x00000000b3000000| PB 0x00000000b3000000| Complete |  0
| 305|0x00000000b3100000, 0x00000000b3200000, 0x00000000b3200000|100%| S|CS|TAMS 0x00000000b3100000| PB 0x00000000b3100000| Complete |  0
| 306|0x00000000b3200000, 0x00000000b3300000, 0x00000000b3300000|100%| S|CS|TAMS 0x00000000b3200000| PB 0x00000000b3200000| Complete |  0
| 307|0x00000000b3300000, 0x00000000b3400000, 0x00000000b3400000|100%| S|CS|TAMS 0x00000000b3300000| PB 0x00000000b3300000| Complete |  0
| 308|0x00000000b3400000, 0x00000000b3500000, 0x00000000b3500000|100%| S|CS|TAMS 0x00000000b3400000| PB 0x00000000b3400000| Complete |  0
| 309|0x00000000b3500000, 0x00000000b3600000, 0x00000000b3600000|100%| S|CS|TAMS 0x00000000b3500000| PB 0x00000000b3500000| Complete |  0
| 310|0x00000000b3600000, 0x00000000b3700000, 0x00000000b3700000|100%| S|CS|TAMS 0x00000000b3600000| PB 0x00000000b3600000| Complete |  0
| 311|0x00000000b3700000, 0x00000000b3800000, 0x00000000b3800000|100%| S|CS|TAMS 0x00000000b3700000| PB 0x00000000b3700000| Complete |  0
| 312|0x00000000b3800000, 0x00000000b3900000, 0x00000000b3900000|100%| S|CS|TAMS 0x00000000b3800000| PB 0x00000000b3800000| Complete |  0
| 313|0x00000000b3900000, 0x00000000b3a00000, 0x00000000b3a00000|100%| S|CS|TAMS 0x00000000b3900000| PB 0x00000000b3900000| Complete |  0
| 314|0x00000000b3a00000, 0x00000000b3b00000, 0x00000000b3b00000|100%| E|CS|TAMS 0x00000000b3a00000| PB 0x00000000b3a00000| Complete |  0
| 315|0x00000000b3b00000, 0x00000000b3c00000, 0x00000000b3c00000|100%| E|CS|TAMS 0x00000000b3b00000| PB 0x00000000b3b00000| Complete |  0
| 316|0x00000000b3c00000, 0x00000000b3d00000, 0x00000000b3d00000|100%| E|CS|TAMS 0x00000000b3c00000| PB 0x00000000b3c00000| Complete |  0
| 317|0x00000000b3d00000, 0x00000000b3e00000, 0x00000000b3e00000|100%| E|CS|TAMS 0x00000000b3d00000| PB 0x00000000b3d00000| Complete |  0
| 318|0x00000000b3e00000, 0x00000000b3f00000, 0x00000000b3f00000|100%| E|CS|TAMS 0x00000000b3e00000| PB 0x00000000b3e00000| Complete |  0
| 319|0x00000000b3f00000, 0x00000000b4000000, 0x00000000b4000000|100%| E|CS|TAMS 0x00000000b3f00000| PB 0x00000000b3f00000| Complete |  0
| 320|0x00000000b4000000, 0x00000000b4100000, 0x00000000b4100000|100%| E|CS|TAMS 0x00000000b4000000| PB 0x00000000b4000000| Complete |  0
| 321|0x00000000b4100000, 0x00000000b4200000, 0x00000000b4200000|100%| E|CS|TAMS 0x00000000b4100000| PB 0x00000000b4100000| Complete |  0
| 322|0x00000000b4200000, 0x00000000b4300000, 0x00000000b4300000|100%| E|CS|TAMS 0x00000000b4200000| PB 0x00000000b4200000| Complete |  0
| 323|0x00000000b4300000, 0x00000000b4400000, 0x00000000b4400000|100%| E|CS|TAMS 0x00000000b4300000| PB 0x00000000b4300000| Complete |  0
| 324|0x00000000b4400000, 0x00000000b4500000, 0x00000000b4500000|100%| E|CS|TAMS 0x00000000b4400000| PB 0x00000000b4400000| Complete |  0
| 325|0x00000000b4500000, 0x00000000b4600000, 0x00000000b4600000|100%| E|CS|TAMS 0x00000000b4500000| PB 0x00000000b4500000| Complete |  0
| 326|0x00000000b4600000, 0x00000000b4700000, 0x00000000b4700000|100%| E|CS|TAMS 0x00000000b4600000| PB 0x00000000b4600000| Complete |  0
| 327|0x00000000b4700000, 0x00000000b4800000, 0x00000000b4800000|100%| E|CS|TAMS 0x00000000b4700000| PB 0x00000000b4700000| Complete |  0
| 328|0x00000000b4800000, 0x00000000b4900000, 0x00000000b4900000|100%| E|CS|TAMS 0x00000000b4800000| PB 0x00000000b4800000| Complete |  0
| 329|0x00000000b4900000, 0x00000000b4a00000, 0x00000000b4a00000|100%| E|CS|TAMS 0x00000000b4900000| PB 0x00000000b4900000| Complete |  0
| 330|0x00000000b4a00000, 0x00000000b4b00000, 0x00000000b4b00000|100%| E|CS|TAMS 0x00000000b4a00000| PB 0x00000000b4a00000| Complete |  0
| 331|0x00000000b4b00000, 0x00000000b4c00000, 0x00000000b4c00000|100%| E|CS|TAMS 0x00000000b4b00000| PB 0x00000000b4b00000| Complete |  0
| 332|0x00000000b4c00000, 0x00000000b4d00000, 0x00000000b4d00000|100%| E|CS|TAMS 0x00000000b4c00000| PB 0x00000000b4c00000| Complete |  0
| 333|0x00000000b4d00000, 0x00000000b4e00000, 0x00000000b4e00000|100%| E|CS|TAMS 0x00000000b4d00000| PB 0x00000000b4d00000| Complete |  0
| 334|0x00000000b4e00000, 0x00000000b4f00000, 0x00000000b4f00000|100%| E|CS|TAMS 0x00000000b4e00000| PB 0x00000000b4e00000| Complete |  0
| 335|0x00000000b4f00000, 0x00000000b5000000, 0x00000000b5000000|100%| E|CS|TAMS 0x00000000b4f00000| PB 0x00000000b4f00000| Complete |  0
| 336|0x00000000b5000000, 0x00000000b5100000, 0x00000000b5100000|100%| E|CS|TAMS 0x00000000b5000000| PB 0x00000000b5000000| Complete |  0
| 337|0x00000000b5100000, 0x00000000b5200000, 0x00000000b5200000|100%| E|CS|TAMS 0x00000000b5100000| PB 0x00000000b5100000| Complete |  0
| 338|0x00000000b5200000, 0x00000000b5300000, 0x00000000b5300000|100%| E|CS|TAMS 0x00000000b5200000| PB 0x00000000b5200000| Complete |  0
| 339|0x00000000b5300000, 0x00000000b5400000, 0x00000000b5400000|100%| E|CS|TAMS 0x00000000b5300000| PB 0x00000000b5300000| Complete |  0
| 340|0x00000000b5400000, 0x00000000b5500000, 0x00000000b5500000|100%| E|CS|TAMS 0x00000000b5400000| PB 0x00000000b5400000| Complete |  0
| 341|0x00000000b5500000, 0x00000000b5600000, 0x00000000b5600000|100%| E|CS|TAMS 0x00000000b5500000| PB 0x00000000b5500000| Complete |  0
| 342|0x00000000b5600000, 0x00000000b5700000, 0x00000000b5700000|100%| E|CS|TAMS 0x00000000b5600000| PB 0x00000000b5600000| Complete |  0
| 343|0x00000000b5700000, 0x00000000b5800000, 0x00000000b5800000|100%| E|CS|TAMS 0x00000000b5700000| PB 0x00000000b5700000| Complete |  0
| 344|0x00000000b5800000, 0x00000000b5900000, 0x00000000b5900000|100%| E|CS|TAMS 0x00000000b5800000| PB 0x00000000b5800000| Complete |  0
| 345|0x00000000b5900000, 0x00000000b5a00000, 0x00000000b5a00000|100%| E|CS|TAMS 0x00000000b5900000| PB 0x00000000b5900000| Complete |  0
| 346|0x00000000b5a00000, 0x00000000b5b00000, 0x00000000b5b00000|100%| E|CS|TAMS 0x00000000b5a00000| PB 0x00000000b5a00000| Complete |  0
| 347|0x00000000b5b00000, 0x00000000b5c00000, 0x00000000b5c00000|100%| E|CS|TAMS 0x00000000b5b00000| PB 0x00000000b5b00000| Complete |  0
| 348|0x00000000b5c00000, 0x00000000b5d00000, 0x00000000b5d00000|100%| E|CS|TAMS 0x00000000b5c00000| PB 0x00000000b5c00000| Complete |  0
| 349|0x00000000b5d00000, 0x00000000b5e00000, 0x00000000b5e00000|100%| E|CS|TAMS 0x00000000b5d00000| PB 0x00000000b5d00000| Complete |  0
| 350|0x00000000b5e00000, 0x00000000b5f00000, 0x00000000b5f00000|100%| E|CS|TAMS 0x00000000b5e00000| PB 0x00000000b5e00000| Complete |  0
| 351|0x00000000b5f00000, 0x00000000b6000000, 0x00000000b6000000|100%| E|CS|TAMS 0x00000000b5f00000| PB 0x00000000b5f00000| Complete |  0
| 352|0x00000000b6000000, 0x00000000b6100000, 0x00000000b6100000|100%| E|CS|TAMS 0x00000000b6000000| PB 0x00000000b6000000| Complete |  0
| 353|0x00000000b6100000, 0x00000000b6200000, 0x00000000b6200000|100%| E|CS|TAMS 0x00000000b6100000| PB 0x00000000b6100000| Complete |  0
| 354|0x00000000b6200000, 0x00000000b6300000, 0x00000000b6300000|100%| E|CS|TAMS 0x00000000b6200000| PB 0x00000000b6200000| Complete |  0
| 355|0x00000000b6300000, 0x00000000b6400000, 0x00000000b6400000|100%| E|CS|TAMS 0x00000000b6300000| PB 0x00000000b6300000| Complete |  0
| 356|0x00000000b6400000, 0x00000000b6500000, 0x00000000b6500000|100%| E|CS|TAMS 0x00000000b6400000| PB 0x00000000b6400000| Complete |  0
| 357|0x00000000b6500000, 0x00000000b6600000, 0x00000000b6600000|100%| E|CS|TAMS 0x00000000b6500000| PB 0x00000000b6500000| Complete |  0
| 358|0x00000000b6600000, 0x00000000b6700000, 0x00000000b6700000|100%| E|CS|TAMS 0x00000000b6600000| PB 0x00000000b6600000| Complete |  0
| 359|0x00000000b6700000, 0x00000000b6800000, 0x00000000b6800000|100%| E|CS|TAMS 0x00000000b6700000| PB 0x00000000b6700000| Complete |  0
| 360|0x00000000b6800000, 0x00000000b6900000, 0x00000000b6900000|100%| E|CS|TAMS 0x00000000b6800000| PB 0x00000000b6800000| Complete |  0
| 361|0x00000000b6900000, 0x00000000b6a00000, 0x00000000b6a00000|100%| E|CS|TAMS 0x00000000b6900000| PB 0x00000000b6900000| Complete |  0
| 362|0x00000000b6a00000, 0x00000000b6b00000, 0x00000000b6b00000|100%| E|CS|TAMS 0x00000000b6a00000| PB 0x00000000b6a00000| Complete |  0
| 363|0x00000000b6b00000, 0x00000000b6c00000, 0x00000000b6c00000|100%| E|CS|TAMS 0x00000000b6b00000| PB 0x00000000b6b00000| Complete |  0
| 364|0x00000000b6c00000, 0x00000000b6d00000, 0x00000000b6d00000|100%| E|CS|TAMS 0x00000000b6c00000| PB 0x00000000b6c00000| Complete |  0
| 365|0x00000000b6d00000, 0x00000000b6e00000, 0x00000000b6e00000|100%| E|CS|TAMS 0x00000000b6d00000| PB 0x00000000b6d00000| Complete |  0
| 366|0x00000000b6e00000, 0x00000000b6f00000, 0x00000000b6f00000|100%| E|CS|TAMS 0x00000000b6e00000| PB 0x00000000b6e00000| Complete |  0
| 367|0x00000000b6f00000, 0x00000000b7000000, 0x00000000b7000000|100%| E|CS|TAMS 0x00000000b6f00000| PB 0x00000000b6f00000| Complete |  0
| 368|0x00000000b7000000, 0x00000000b7100000, 0x00000000b7100000|100%| E|CS|TAMS 0x00000000b7000000| PB 0x00000000b7000000| Complete |  0
| 369|0x00000000b7100000, 0x00000000b7200000, 0x00000000b7200000|100%| E|CS|TAMS 0x00000000b7100000| PB 0x00000000b7100000| Complete |  0
| 370|0x00000000b7200000, 0x00000000b7300000, 0x00000000b7300000|100%| E|CS|TAMS 0x00000000b7200000| PB 0x00000000b7200000| Complete |  0
| 371|0x00000000b7300000, 0x00000000b7400000, 0x00000000b7400000|100%| E|CS|TAMS 0x00000000b7300000| PB 0x00000000b7300000| Complete |  0
| 372|0x00000000b7400000, 0x00000000b7500000, 0x00000000b7500000|100%| E|CS|TAMS 0x00000000b7400000| PB 0x00000000b7400000| Complete |  0
| 373|0x00000000b7500000, 0x00000000b7600000, 0x00000000b7600000|100%| E|CS|TAMS 0x00000000b7500000| PB 0x00000000b7500000| Complete |  0
| 374|0x00000000b7600000, 0x00000000b7700000, 0x00000000b7700000|100%| E|CS|TAMS 0x00000000b7600000| PB 0x00000000b7600000| Complete |  0
| 375|0x00000000b7700000, 0x00000000b7800000, 0x00000000b7800000|100%| E|CS|TAMS 0x00000000b7700000| PB 0x00000000b7700000| Complete |  0
| 376|0x00000000b7800000, 0x00000000b7900000, 0x00000000b7900000|100%| E|CS|TAMS 0x00000000b7800000| PB 0x00000000b7800000| Complete |  0
| 377|0x00000000b7900000, 0x00000000b7a00000, 0x00000000b7a00000|100%| E|CS|TAMS 0x00000000b7900000| PB 0x00000000b7900000| Complete |  0
| 378|0x00000000b7a00000, 0x00000000b7b00000, 0x00000000b7b00000|100%| E|CS|TAMS 0x00000000b7a00000| PB 0x00000000b7a00000| Complete |  0
| 379|0x00000000b7b00000, 0x00000000b7c00000, 0x00000000b7c00000|100%| E|CS|TAMS 0x00000000b7b00000| PB 0x00000000b7b00000| Complete |  0
| 380|0x00000000b7c00000, 0x00000000b7d00000, 0x00000000b7d00000|100%| E|CS|TAMS 0x00000000b7c00000| PB 0x00000000b7c00000| Complete |  0
| 381|0x00000000b7d00000, 0x00000000b7e00000, 0x00000000b7e00000|100%| E|CS|TAMS 0x00000000b7d00000| PB 0x00000000b7d00000| Complete |  0
| 382|0x00000000b7e00000, 0x00000000b7f00000, 0x00000000b7f00000|100%| E|CS|TAMS 0x00000000b7e00000| PB 0x00000000b7e00000| Complete |  0
|1451|0x00000000fab00000, 0x00000000fac00000, 0x00000000fac00000|100%| O|Cm|TAMS 0x00000000fab00000| PB 0x00000000fab00000| Complete |  0
|1452|0x00000000fac00000, 0x00000000fad00000, 0x00000000fad00000|100%| O|Cm|TAMS 0x00000000fac00000| PB 0x00000000fac00000| Complete |  0
|1453|0x00000000fad00000, 0x00000000fae00000, 0x00000000fae00000|100%| O|Cm|TAMS 0x00000000fad00000| PB 0x00000000fad00000| Complete |  0
|1454|0x00000000fae00000, 0x00000000faf00000, 0x00000000faf00000|100%| O|Cm|TAMS 0x00000000fae00000| PB 0x00000000fae00000| Complete |  0
|1455|0x00000000faf00000, 0x00000000fb000000, 0x00000000fb000000|100%| O|Cm|TAMS 0x00000000faf00000| PB 0x00000000faf00000| Complete |  0
|1456|0x00000000fb000000, 0x00000000fb100000, 0x00000000fb100000|100%| O|  |TAMS 0x00000000fb000000| PB 0x00000000fb000000| Untracked |  0
|1457|0x00000000fb100000, 0x00000000fb200000, 0x00000000fb200000|100%| O|  |TAMS 0x00000000fb100000| PB 0x00000000fb100000| Untracked |  0
|1458|0x00000000fb200000, 0x00000000fb300000, 0x00000000fb300000|100%| O|  |TAMS 0x00000000fb200000| PB 0x00000000fb200000| Untracked |  0
|1459|0x00000000fb300000, 0x00000000fb400000, 0x00000000fb400000|100%| O|  |TAMS 0x00000000fb300000| PB 0x00000000fb300000| Untracked |  0
|1460|0x00000000fb400000, 0x00000000fb500000, 0x00000000fb500000|100%| O|Cm|TAMS 0x00000000fb400000| PB 0x00000000fb400000| Complete |  0
|1461|0x00000000fb500000, 0x00000000fb600000, 0x00000000fb600000|100%| O|Cm|TAMS 0x00000000fb500000| PB 0x00000000fb500000| Complete |  0
|1462|0x00000000fb600000, 0x00000000fb700000, 0x00000000fb700000|100%| O|Cm|TAMS 0x00000000fb600000| PB 0x00000000fb600000| Complete |  0
|1463|0x00000000fb700000, 0x00000000fb800000, 0x00000000fb800000|100%| O|Cm|TAMS 0x00000000fb700000| PB 0x00000000fb700000| Complete |  0
|1464|0x00000000fb800000, 0x00000000fb900000, 0x00000000fb900000|100%| O|Cm|TAMS 0x00000000fb800000| PB 0x00000000fb800000| Complete |  0
|1465|0x00000000fb900000, 0x00000000fba00000, 0x00000000fba00000|100%| O|Cm|TAMS 0x00000000fb900000| PB 0x00000000fb900000| Complete |  0
|1466|0x00000000fba00000, 0x00000000fbb00000, 0x00000000fbb00000|100%| E|CS|TAMS 0x00000000fba00000| PB 0x00000000fba00000| Complete |  0
|1467|0x00000000fbb00000, 0x00000000fbc00000, 0x00000000fbc00000|100%| O|Cm|TAMS 0x00000000fbb00000| PB 0x00000000fbb00000| Complete |  0
|1468|0x00000000fbc00000, 0x00000000fbd00000, 0x00000000fbd00000|100%| O|Cm|TAMS 0x00000000fbc00000| PB 0x00000000fbc00000| Complete |  0
|1469|0x00000000fbd00000, 0x00000000fbe00000, 0x00000000fbe00000|100%| O|Cm|TAMS 0x00000000fbd00000| PB 0x00000000fbd00000| Complete |  0
|1470|0x00000000fbe00000, 0x00000000fbf00000, 0x00000000fbf00000|100%| O|Cm|TAMS 0x00000000fbe00000| PB 0x00000000fbe00000| Complete |  0
|1471|0x00000000fbf00000, 0x00000000fc000000, 0x00000000fc000000|100%| O|Cm|TAMS 0x00000000fbf00000| PB 0x00000000fbf00000| Complete |  0
|1472|0x00000000fc000000, 0x00000000fc100000, 0x00000000fc100000|100%| O|Cm|TAMS 0x00000000fc000000| PB 0x00000000fc000000| Complete |  0
|1473|0x00000000fc100000, 0x00000000fc200000, 0x00000000fc200000|100%| O|Cm|TAMS 0x00000000fc100000| PB 0x00000000fc100000| Complete |  0
|1474|0x00000000fc200000, 0x00000000fc300000, 0x00000000fc300000|100%| O|Cm|TAMS 0x00000000fc200000| PB 0x00000000fc200000| Complete |  0
|1475|0x00000000fc300000, 0x00000000fc400000, 0x00000000fc400000|100%| O|Cm|TAMS 0x00000000fc300000| PB 0x00000000fc300000| Complete |  0
|1476|0x00000000fc400000, 0x00000000fc500000, 0x00000000fc500000|100%| O|Cm|TAMS 0x00000000fc400000| PB 0x00000000fc400000| Complete |  0
|1477|0x00000000fc500000, 0x00000000fc600000, 0x00000000fc600000|100%| O|  |TAMS 0x00000000fc500000| PB 0x00000000fc500000| Untracked |  0
|1478|0x00000000fc600000, 0x00000000fc700000, 0x00000000fc700000|100%| E|CS|TAMS 0x00000000fc600000| PB 0x00000000fc600000| Complete |  0
|1479|0x00000000fc700000, 0x00000000fc800000, 0x00000000fc800000|100%| E|CS|TAMS 0x00000000fc700000| PB 0x00000000fc700000| Complete |  0
|1480|0x00000000fc800000, 0x00000000fc900000, 0x00000000fc900000|100%| E|CS|TAMS 0x00000000fc800000| PB 0x00000000fc800000| Complete |  0
|1481|0x00000000fc900000, 0x00000000fca00000, 0x00000000fca00000|100%| E|CS|TAMS 0x00000000fc900000| PB 0x00000000fc900000| Complete |  0
|1482|0x00000000fca00000, 0x00000000fcb00000, 0x00000000fcb00000|100%| E|CS|TAMS 0x00000000fca00000| PB 0x00000000fca00000| Complete |  0
|1483|0x00000000fcb00000, 0x00000000fcc00000, 0x00000000fcc00000|100%| E|CS|TAMS 0x00000000fcb00000| PB 0x00000000fcb00000| Complete |  0
|1484|0x00000000fcc00000, 0x00000000fcd00000, 0x00000000fcd00000|100%| E|CS|TAMS 0x00000000fcc00000| PB 0x00000000fcc00000| Complete |  0
|1485|0x00000000fcd00000, 0x00000000fce00000, 0x00000000fce00000|100%| E|CS|TAMS 0x00000000fcd00000| PB 0x00000000fcd00000| Complete |  0
|1486|0x00000000fce00000, 0x00000000fcf00000, 0x00000000fcf00000|100%| E|CS|TAMS 0x00000000fce00000| PB 0x00000000fce00000| Complete |  0
|1487|0x00000000fcf00000, 0x00000000fd000000, 0x00000000fd000000|100%| E|CS|TAMS 0x00000000fcf00000| PB 0x00000000fcf00000| Complete |  0
|1488|0x00000000fd000000, 0x00000000fd100000, 0x00000000fd100000|100%| E|CS|TAMS 0x00000000fd000000| PB 0x00000000fd000000| Complete |  0
|1489|0x00000000fd100000, 0x00000000fd200000, 0x00000000fd200000|100%| E|CS|TAMS 0x00000000fd100000| PB 0x00000000fd100000| Complete |  0
|1490|0x00000000fd200000, 0x00000000fd300000, 0x00000000fd300000|100%| E|CS|TAMS 0x00000000fd200000| PB 0x00000000fd200000| Complete |  0
|1491|0x00000000fd300000, 0x00000000fd400000, 0x00000000fd400000|100%| E|CS|TAMS 0x00000000fd300000| PB 0x00000000fd300000| Complete |  0
|1492|0x00000000fd400000, 0x00000000fd500000, 0x00000000fd500000|100%| E|CS|TAMS 0x00000000fd400000| PB 0x00000000fd400000| Complete |  0
|1493|0x00000000fd500000, 0x00000000fd600000, 0x00000000fd600000|100%| E|CS|TAMS 0x00000000fd500000| PB 0x00000000fd500000| Complete |  0
|1494|0x00000000fd600000, 0x00000000fd700000, 0x00000000fd700000|100%| E|CS|TAMS 0x00000000fd600000| PB 0x00000000fd600000| Complete |  0
|1495|0x00000000fd700000, 0x00000000fd800000, 0x00000000fd800000|100%| E|CS|TAMS 0x00000000fd700000| PB 0x00000000fd700000| Complete |  0
|1496|0x00000000fd800000, 0x00000000fd900000, 0x00000000fd900000|100%| E|CS|TAMS 0x00000000fd800000| PB 0x00000000fd800000| Complete |  0
|1497|0x00000000fd900000, 0x00000000fda00000, 0x00000000fda00000|100%| E|CS|TAMS 0x00000000fd900000| PB 0x00000000fd900000| Complete |  0
|1498|0x00000000fda00000, 0x00000000fdb00000, 0x00000000fdb00000|100%| E|CS|TAMS 0x00000000fda00000| PB 0x00000000fda00000| Complete |  0
|1499|0x00000000fdb00000, 0x00000000fdc00000, 0x00000000fdc00000|100%| E|CS|TAMS 0x00000000fdb00000| PB 0x00000000fdb00000| Complete |  0
|1500|0x00000000fdc00000, 0x00000000fdd00000, 0x00000000fdd00000|100%| E|CS|TAMS 0x00000000fdc00000| PB 0x00000000fdc00000| Complete |  0
|1501|0x00000000fdd00000, 0x00000000fde00000, 0x00000000fde00000|100%| E|CS|TAMS 0x00000000fdd00000| PB 0x00000000fdd00000| Complete |  0
|1502|0x00000000fde00000, 0x00000000fdf00000, 0x00000000fdf00000|100%| E|CS|TAMS 0x00000000fde00000| PB 0x00000000fde00000| Complete |  0
|1503|0x00000000fdf00000, 0x00000000fe000000, 0x00000000fe000000|100%| E|CS|TAMS 0x00000000fdf00000| PB 0x00000000fdf00000| Complete |  0
|1504|0x00000000fe000000, 0x00000000fe100000, 0x00000000fe100000|100%| O|Cm|TAMS 0x00000000fe000000| PB 0x00000000fe000000| Complete |  0
|1505|0x00000000fe100000, 0x00000000fe200000, 0x00000000fe200000|100%| E|CS|TAMS 0x00000000fe100000| PB 0x00000000fe100000| Complete |  0
|1506|0x00000000fe200000, 0x00000000fe300000, 0x00000000fe300000|100%| E|CS|TAMS 0x00000000fe200000| PB 0x00000000fe200000| Complete |  0
|1507|0x00000000fe300000, 0x00000000fe400000, 0x00000000fe400000|100%| E|CS|TAMS 0x00000000fe300000| PB 0x00000000fe300000| Complete |  0
|1508|0x00000000fe400000, 0x00000000fe500000, 0x00000000fe500000|100%| E|CS|TAMS 0x00000000fe400000| PB 0x00000000fe400000| Complete |  0
|1509|0x00000000fe500000, 0x00000000fe600000, 0x00000000fe600000|100%| E|CS|TAMS 0x00000000fe500000| PB 0x00000000fe500000| Complete |  0
|1510|0x00000000fe600000, 0x00000000fe700000, 0x00000000fe700000|100%| E|CS|TAMS 0x00000000fe600000| PB 0x00000000fe600000| Complete |  0
|1511|0x00000000fe700000, 0x00000000fe800000, 0x00000000fe800000|100%| O|  |TAMS 0x00000000fe700000| PB 0x00000000fe700000| Untracked |  0
|1512|0x00000000fe800000, 0x00000000fe900000, 0x00000000fe900000|100%| E|CS|TAMS 0x00000000fe800000| PB 0x00000000fe800000| Complete |  0
|1513|0x00000000fe900000, 0x00000000fea00000, 0x00000000fea00000|100%| E|CS|TAMS 0x00000000fe900000| PB 0x00000000fe900000| Complete |  0
|1514|0x00000000fea00000, 0x00000000feb00000, 0x00000000feb00000|100%| O|  |TAMS 0x00000000fea00000| PB 0x00000000fea00000| Untracked |  0
|1515|0x00000000feb00000, 0x00000000fec00000, 0x00000000fec00000|100%| E|CS|TAMS 0x00000000feb00000| PB 0x00000000feb00000| Complete |  0
|1516|0x00000000fec00000, 0x00000000fed00000, 0x00000000fed00000|100%| O|  |TAMS 0x00000000fec00000| PB 0x00000000fec00000| Untracked |  0
|1517|0x00000000fed00000, 0x00000000fee00000, 0x00000000fee00000|100%| E|CS|TAMS 0x00000000fed00000| PB 0x00000000fed00000| Complete |  0
|1518|0x00000000fee00000, 0x00000000fef00000, 0x00000000fef00000|100%| E|CS|TAMS 0x00000000fee00000| PB 0x00000000fee00000| Complete |  0
|1519|0x00000000fef00000, 0x00000000ff000000, 0x00000000ff000000|100%| O|Cm|TAMS 0x00000000fef00000| PB 0x00000000fef00000| Complete |  0
|1520|0x00000000ff000000, 0x00000000ff100000, 0x00000000ff100000|100%| O|Cm|TAMS 0x00000000ff000000| PB 0x00000000ff000000| Complete |  0
|1521|0x00000000ff100000, 0x00000000ff200000, 0x00000000ff200000|100%| O|Cm|TAMS 0x00000000ff100000| PB 0x00000000ff100000| Complete |  0
|1522|0x00000000ff200000, 0x00000000ff300000, 0x00000000ff300000|100%| O|  |TAMS 0x00000000ff200000| PB 0x00000000ff200000| Untracked |  0
|1523|0x00000000ff300000, 0x00000000ff400000, 0x00000000ff400000|100%| O|  |TAMS 0x00000000ff300000| PB 0x00000000ff300000| Untracked |  0
|1524|0x00000000ff400000, 0x00000000ff500000, 0x00000000ff500000|100%| E|CS|TAMS 0x00000000ff400000| PB 0x00000000ff400000| Complete |  0
|1525|0x00000000ff500000, 0x00000000ff600000, 0x00000000ff600000|100%| O|  |TAMS 0x00000000ff500000| PB 0x00000000ff500000| Untracked |  0
|1526|0x00000000ff600000, 0x00000000ff700000, 0x00000000ff700000|100%| E|CS|TAMS 0x00000000ff600000| PB 0x00000000ff600000| Complete |  0
|1527|0x00000000ff700000, 0x00000000ff800000, 0x00000000ff800000|100%| O|  |TAMS 0x00000000ff700000| PB 0x00000000ff700000| Untracked |  0
|1528|0x00000000ff800000, 0x00000000ff900000, 0x00000000ff900000|100%| O|  |TAMS 0x00000000ff800000| PB 0x00000000ff800000| Untracked |  0
|1529|0x00000000ff900000, 0x00000000ffa00000, 0x00000000ffa00000|100%| O|  |TAMS 0x00000000ff900000| PB 0x00000000ff900000| Untracked |  0
|1530|0x00000000ffa00000, 0x00000000ffb00000, 0x00000000ffb00000|100%| O|  |TAMS 0x00000000ffa00000| PB 0x00000000ffa00000| Untracked |  0
|1531|0x00000000ffb00000, 0x00000000ffc00000, 0x00000000ffc00000|100%| O|  |TAMS 0x00000000ffb00000| PB 0x00000000ffb00000| Untracked |  0
|1532|0x00000000ffc00000, 0x00000000ffd00000, 0x00000000ffd00000|100%| E|CS|TAMS 0x00000000ffc00000| PB 0x00000000ffc00000| Complete |  0
|1533|0x00000000ffd00000, 0x00000000ffe00000, 0x00000000ffe00000|100%| O|  |TAMS 0x00000000ffd00000| PB 0x00000000ffd00000| Untracked |  0
|1534|0x00000000ffe00000, 0x00000000fff00000, 0x00000000fff00000|100%| O|  |TAMS 0x00000000ffe00000| PB 0x00000000ffe00000| Untracked |  0
|1535|0x00000000fff00000, 0x0000000100000000, 0x0000000100000000|100%| E|CS|TAMS 0x00000000fff00000| PB 0x00000000fff00000| Complete |  0

Card table byte_map: [0x0000023df4690000,0x0000023df4990000] _byte_map_base: 0x0000023df4190000

Marking Bits: (CMBitMap*) 0x0000023dead11870
 Bits: [0x0000023df4990000, 0x0000023df6190000)

Polling page: 0x0000023de8780000

Metaspace:
Metaspace        used 151642K, committed 155712K, reserved 1245184K
 class space     used 20528K, committed 22272K, reserved 1048576K

Usage:
  Non-class:    128.04 MB used.
      Class:     20.05 MB used.
       Both:    148.09 MB used.

Virtual space:
  Non-class space:      192.00 MB reserved,     130.31 MB ( 68%) committed,  3 nodes.
      Class space:        1.00 GB reserved,      21.75 MB (  2%) committed,  1 nodes.
             Both:        1.19 GB reserved,     152.06 MB ( 13%) committed. 

Chunk freelists:
   Non-Class:  15.00 MB
       Class:  11.14 MB
        Both:  26.15 MB

MaxMetaspaceSize: unlimited
CompressedClassSpaceSize: 1.00 GB
Initial GC threshold: 21.00 MB
Current GC threshold: 253.38 MB
CDS: on
 - commit_granule_bytes: 65536.
 - commit_granule_words: 8192.
 - virtual_space_node_default_size: 8388608.
 - enlarge_chunks_in_place: 1.
UseCompressedClassPointers 1, UseCompactObjectHeaders 0
Narrow klass pointer bits 32, Max shift 3
Narrow klass base: 0x000000002a000000, Narrow klass shift: 0
Encoding Range: [0x000000002a000000 - 0x000000012a000000), (4294967296 bytes)
Klass Range:    [0x000000002a010000 - 0x000000006b000000), (1090453504 bytes)
Klass ID Range:  [65536 - 1090519033) (1090453497)
Protection zone: [0x000000002a000000 - 0x000000002a010000), (65536 bytes)


Internal statistics:

num_allocs_failed_limit: 9.
num_arena_births: 4414.
num_arena_deaths: 2366.
num_vsnodes_births: 4.
num_vsnodes_deaths: 0.
num_space_committed: 2432.
num_space_uncommitted: 0.
num_chunks_returned_to_freelist: 2615.
num_chunks_taken_from_freelist: 10864.
num_chunk_merges: 953.
num_chunk_splits: 7314.
num_chunks_enlarged: 5117.
num_inconsistent_stats: 0.

CodeHeap 'non-profiled nmethods': size=119168Kb used=16030Kb max_used=16989Kb free=103138Kb
 bounds [0x0000023d87bb0000, 0x0000023d88c50000, 0x0000023d8f010000]
CodeHeap 'profiled nmethods': size=119168Kb used=32610Kb max_used=32610Kb free=86557Kb
 bounds [0x0000023d80000000, 0x0000023d81fe0000, 0x0000023d87460000]
CodeHeap 'non-nmethods': size=7488Kb used=3923Kb max_used=4057Kb free=3564Kb
 bounds [0x0000023d87460000, 0x0000023d87860000, 0x0000023d87bb0000]
CodeCache: size=245824Kb, used=52563Kb, max_used=53656Kb, free=193259Kb
 total_blobs=21498, nmethods=20445, adapters=950, full_count=0
Compilation: enabled, stopped_count=0, restarted_count=0

Compilation events (20 events):
Event: 2797.367 Thread 0x0000023df8cd5670 37243       4       org.gradle.cache.internal.btree.CachingBlockStore::flush (63 bytes)
Event: 2797.367 Thread 0x0000023d93aa9090 37244       3       org.gradle.internal.hash.DefaultStreamHasher::hash (9 bytes)
Event: 2797.368 Thread 0x0000023d93aa9090 nmethod 37244 0x0000023d81f20888 code [0x0000023d81f20980, 0x0000023d81f20b18]
Event: 2797.371 Thread 0x0000023d91a05550 37245       3       org.gradle.api.internal.changedetection.state.FileHasherStatistics$Collector::reportFileHashed (18 bytes)
Event: 2797.371 Thread 0x0000023d91a05550 nmethod 37245 0x0000023d81f20488 code [0x0000023d81f20580, 0x0000023d81f20810]
Event: 2797.379 Thread 0x0000023d94c65d40 37246       4       org.gradle.cache.internal.btree.FreeListBlockStore::flush (10 bytes)
Event: 2797.379 Thread 0x0000023d93aaa0b0 37247       4       org.gradle.internal.io.StreamByteBuffer$StreamByteBufferChunk::writeTo (41 bytes)
Event: 2797.391 Thread 0x0000023d93aa9090 37249       1       groovy.lang.Closure::setResolveStrategy (6 bytes)
Event: 2797.391 Thread 0x0000023d93aab0d0 37250       1       groovy.lang.Closure::setDelegate (6 bytes)
Event: 2797.391 Thread 0x0000023d91a05550 37251       1       groovy.lang.Closure::getMaximumNumberOfParameters (5 bytes)
Event: 2797.391 Thread 0x0000023d93aa9090 nmethod 37249 0x0000023d88bb2988 code [0x0000023d88bb2a80, 0x0000023d88bb2b48]
Event: 2797.391 Thread 0x0000023d93aab0d0 nmethod 37250 0x0000023d88a73208 code [0x0000023d88a73300, 0x0000023d88a73410]
Event: 2797.391 Thread 0x0000023d91a05550 nmethod 37251 0x0000023d88a72f08 code [0x0000023d88a73000, 0x0000023d88a730c8]
Event: 2797.391 Thread 0x0000023d91a05550 37252       1       it.unimi.dsi.fastutil.objects.AbstractObject2IntFunction::defaultReturnValue (5 bytes)
Event: 2797.391 Thread 0x0000023d91a05550 nmethod 37252 0x0000023d88a72b08 code [0x0000023d88a72c00, 0x0000023d88a72cc8]
Event: 2797.403 Thread 0x0000023d93aaa0b0 nmethod 37247 0x0000023d88649788 code [0x0000023d88649880, 0x0000023d88649c20]
Event: 2797.403 Thread 0x0000023d93aaa0b0 37248       4       org.gradle.cache.internal.btree.BTreePersistentIndexedCache$DataBlock::write (33 bytes)
Event: 2797.404 Thread 0x0000023df8cd5670 nmethod 37243 0x0000023d88a5d008 code [0x0000023d88a5d100, 0x0000023d88a5e170]
Event: 2797.422 Thread 0x0000023d94c65d40 nmethod 37246 0x0000023d87cd8708 code [0x0000023d87cd8800, 0x0000023d87cd98b0]
Event: 2797.440 Thread 0x0000023d93aaa0b0 nmethod 37248 0x0000023d88ba1408 code [0x0000023d88ba1500, 0x0000023d88ba30c8]

GC Heap Usage History (20 events):
Event: 1053.922 {heap Before GC invocations=108 (full 0):
 garbage-first heap   total reserved 1572864K, committed 427008K, used 401414K [0x00000000a0000000, 0x0000000100000000)
  region size 1024K, 227 young (232448K), 6 survivors (6144K)
}
Event: 1053.943 {heap After GC invocations=109 (full 0):
 garbage-first heap   total reserved 1572864K, committed 427008K, used 176693K [0x00000000a0000000, 0x0000000100000000)
  region size 1024K, 7 young (7168K), 7 survivors (7168K)
}
Event: 1054.966 {heap Before GC invocations=110 (full 0):
 garbage-first heap   total reserved 1572864K, committed 427008K, used 404021K [0x00000000a0000000, 0x0000000100000000)
  region size 1024K, 229 young (234496K), 7 survivors (7168K)
}
Event: 1054.979 {heap After GC invocations=111 (full 0):
 garbage-first heap   total reserved 1572864K, committed 427008K, used 177650K [0x00000000a0000000, 0x0000000100000000)
  region size 1024K, 8 young (8192K), 8 survivors (8192K)
}
Event: 1056.023 {heap Before GC invocations=111 (full 0):
 garbage-first heap   total reserved 1572864K, committed 427008K, used 403954K [0x00000000a0000000, 0x0000000100000000)
  region size 1024K, 229 young (234496K), 8 survivors (8192K)
}
Event: 1056.114 {heap After GC invocations=112 (full 0):
 garbage-first heap   total reserved 1572864K, committed 427008K, used 173122K [0x00000000a0000000, 0x0000000100000000)
  region size 1024K, 9 young (9216K), 9 survivors (9216K)
}
Event: 1057.090 {heap Before GC invocations=112 (full 0):
 garbage-first heap   total reserved 1572864K, committed 427008K, used 403522K [0x00000000a0000000, 0x0000000100000000)
  region size 1024K, 234 young (239616K), 9 survivors (9216K)
}
Event: 1057.111 {heap After GC invocations=113 (full 0):
 garbage-first heap   total reserved 1572864K, committed 427008K, used 173772K [0x00000000a0000000, 0x0000000100000000)
  region size 1024K, 10 young (10240K), 10 survivors (10240K)
}
Event: 1059.766 {heap Before GC invocations=114 (full 0):
 garbage-first heap   total reserved 1572864K, committed 427008K, used 403148K [0x00000000a0000000, 0x0000000100000000)
  region size 1024K, 234 young (239616K), 10 survivors (10240K)
}
Event: 1059.814 {heap After GC invocations=115 (full 0):
 garbage-first heap   total reserved 1572864K, committed 427008K, used 182136K [0x00000000a0000000, 0x0000000100000000)
  region size 1024K, 18 young (18432K), 18 survivors (18432K)
}
Event: 1061.343 {heap Before GC invocations=115 (full 0):
 garbage-first heap   total reserved 1572864K, committed 427008K, used 410488K [0x00000000a0000000, 0x0000000100000000)
  region size 1024K, 234 young (239616K), 18 survivors (18432K)
}
Event: 1061.379 {heap After GC invocations=116 (full 0):
 garbage-first heap   total reserved 1572864K, committed 442368K, used 181403K [0x00000000a0000000, 0x0000000100000000)
  region size 1024K, 26 young (26624K), 26 survivors (26624K)
}
Event: 1061.418 {heap Before GC invocations=116 (full 0):
 garbage-first heap   total reserved 1572864K, committed 442368K, used 186523K [0x00000000a0000000, 0x0000000100000000)
  region size 1024K, 32 young (32768K), 26 survivors (26624K)
}
Event: 1061.439 {heap After GC invocations=117 (full 0):
 garbage-first heap   total reserved 1572864K, committed 442368K, used 181479K [0x00000000a0000000, 0x0000000100000000)
  region size 1024K, 18 young (18432K), 18 survivors (18432K)
}
Event: 1067.539 {heap Before GC invocations=118 (full 0):
 garbage-first heap   total reserved 1572864K, committed 442368K, used 430311K [0x00000000a0000000, 0x0000000100000000)
  region size 1024K, 241 young (246784K), 18 survivors (18432K)
}
Event: 1067.565 {heap After GC invocations=119 (full 0):
 garbage-first heap   total reserved 1572864K, committed 467968K, used 199058K [0x00000000a0000000, 0x0000000100000000)
  region size 1024K, 18 young (18432K), 18 survivors (18432K)
}
Event: 1069.778 {heap Before GC invocations=119 (full 0):
 garbage-first heap   total reserved 1572864K, committed 467968K, used 465298K [0x00000000a0000000, 0x0000000100000000)
  region size 1024K, 228 young (233472K), 18 survivors (18432K)
}
Event: 1069.788 {heap After GC invocations=120 (full 0):
 garbage-first heap   total reserved 1572864K, committed 479232K, used 181248K [0x00000000a0000000, 0x0000000100000000)
  region size 1024K, 3 young (3072K), 3 survivors (3072K)
}
Event: 1518.786 {heap Before GC invocations=120 (full 0):
 garbage-first heap   total reserved 1572864K, committed 479232K, used 283648K [0x00000000a0000000, 0x0000000100000000)
  region size 1024K, 105 young (107520K), 3 survivors (3072K)
}
Event: 1518.808 {heap After GC invocations=121 (full 0):
 garbage-first heap   total reserved 1572864K, committed 479232K, used 188060K [0x00000000a0000000, 0x0000000100000000)
  region size 1024K, 10 young (10240K), 10 survivors (10240K)
}

Metaspace Usage History (20 events):
Event: 1053.922 {metaspace Before GC invocations=108 (full 0):
 Metaspace       used 139162K, committed 141568K, reserved 1179648K
  class space    used 19451K, committed 20608K, reserved 1048576K
}
Event: 1053.943 {metaspace After GC invocations=109 (full 0):
 Metaspace       used 139162K, committed 141568K, reserved 1179648K
  class space    used 19451K, committed 20608K, reserved 1048576K
}
Event: 1054.966 {metaspace Before GC invocations=110 (full 0):
 Metaspace       used 139177K, committed 141568K, reserved 1179648K
  class space    used 19451K, committed 20608K, reserved 1048576K
}
Event: 1054.979 {metaspace After GC invocations=111 (full 0):
 Metaspace       used 139177K, committed 141568K, reserved 1179648K
  class space    used 19451K, committed 20608K, reserved 1048576K
}
Event: 1056.023 {metaspace Before GC invocations=111 (full 0):
 Metaspace       used 139180K, committed 141568K, reserved 1179648K
  class space    used 19451K, committed 20608K, reserved 1048576K
}
Event: 1056.114 {metaspace After GC invocations=112 (full 0):
 Metaspace       used 139180K, committed 141568K, reserved 1179648K
  class space    used 19451K, committed 20608K, reserved 1048576K
}
Event: 1057.090 {metaspace Before GC invocations=112 (full 0):
 Metaspace       used 139184K, committed 141568K, reserved 1179648K
  class space    used 19451K, committed 20608K, reserved 1048576K
}
Event: 1057.111 {metaspace After GC invocations=113 (full 0):
 Metaspace       used 139184K, committed 141568K, reserved 1179648K
  class space    used 19451K, committed 20608K, reserved 1048576K
}
Event: 1059.766 {metaspace Before GC invocations=114 (full 0):
 Metaspace       used 141679K, committed 144128K, reserved 1179648K
  class space    used 19752K, committed 20928K, reserved 1048576K
}
Event: 1059.814 {metaspace After GC invocations=115 (full 0):
 Metaspace       used 141679K, committed 144128K, reserved 1179648K
  class space    used 19752K, committed 20928K, reserved 1048576K
}
Event: 1061.343 {metaspace Before GC invocations=115 (full 0):
 Metaspace       used 142020K, committed 144384K, reserved 1179648K
  class space    used 19793K, committed 20928K, reserved 1048576K
}
Event: 1061.379 {metaspace After GC invocations=116 (full 0):
 Metaspace       used 142020K, committed 144384K, reserved 1179648K
  class space    used 19793K, committed 20928K, reserved 1048576K
}
Event: 1061.418 {metaspace Before GC invocations=116 (full 0):
 Metaspace       used 142095K, committed 144448K, reserved 1179648K
  class space    used 19803K, committed 20928K, reserved 1048576K
}
Event: 1061.439 {metaspace After GC invocations=117 (full 0):
 Metaspace       used 142095K, committed 144448K, reserved 1179648K
  class space    used 19803K, committed 20928K, reserved 1048576K
}
Event: 1067.539 {metaspace Before GC invocations=118 (full 0):
 Metaspace       used 150758K, committed 153216K, reserved 1245184K
  class space    used 20808K, committed 22016K, reserved 1048576K
}
Event: 1067.565 {metaspace After GC invocations=119 (full 0):
 Metaspace       used 150758K, committed 153216K, reserved 1245184K
  class space    used 20808K, committed 22016K, reserved 1048576K
}
Event: 1069.778 {metaspace Before GC invocations=119 (full 0):
 Metaspace       used 152371K, committed 154816K, reserved 1245184K
  class space    used 21036K, committed 22208K, reserved 1048576K
}
Event: 1069.788 {metaspace After GC invocations=120 (full 0):
 Metaspace       used 152371K, committed 154816K, reserved 1245184K
  class space    used 21036K, committed 22208K, reserved 1048576K
}
Event: 1518.786 {metaspace Before GC invocations=120 (full 0):
 Metaspace       used 153221K, committed 155648K, reserved 1245184K
  class space    used 21084K, committed 22272K, reserved 1048576K
}
Event: 1518.808 {metaspace After GC invocations=121 (full 0):
 Metaspace       used 153221K, committed 155648K, reserved 1245184K
  class space    used 21084K, committed 22272K, reserved 1048576K
}

Dll operation events (20 events):
Event: 0.075 Attempting to load shared library C:\Program Files\Microsoft\jdk-25.0.4.101-hotspot\bin\nio.dll
Event: 0.076 Loaded shared library C:\Program Files\Microsoft\jdk-25.0.4.101-hotspot\bin\nio.dll
Event: 0.077 Attempting to load shared library C:\Program Files\Microsoft\jdk-25.0.4.101-hotspot\bin\zip.dll
Event: 0.077 Loaded shared library C:\Program Files\Microsoft\jdk-25.0.4.101-hotspot\bin\zip.dll
Event: 0.267 Attempting to load shared library C:\Program Files\Microsoft\jdk-25.0.4.101-hotspot\bin\jimage.dll
Event: 0.267 Loaded shared library C:\Program Files\Microsoft\jdk-25.0.4.101-hotspot\bin\jimage.dll
Event: 0.383 Attempting to load shared library C:\Program Files\Microsoft\jdk-25.0.4.101-hotspot\bin\verify.dll
Event: 0.383 Loaded shared library C:\Program Files\Microsoft\jdk-25.0.4.101-hotspot\bin\verify.dll
Event: 0.400 Attempting to load shared library C:\Users\Lasse\.gradle\native\1def1411415f61bf3af743bc5b6707747c0891f09f0c88961ee8f79bc544acac\windows-amd64\native-platform.dll
Event: 0.401 Loaded shared library C:\Users\Lasse\.gradle\native\1def1411415f61bf3af743bc5b6707747c0891f09f0c88961ee8f79bc544acac\windows-amd64\native-platform.dll
Event: 0.407 Attempting to load shared library C:\Users\Lasse\.gradle\native\0.2.8\x86_64-windows-gnu\gradle-fileevents.dll
Event: 0.410 Loaded shared library C:\Users\Lasse\.gradle\native\0.2.8\x86_64-windows-gnu\gradle-fileevents.dll
Event: 1.118 Attempting to load shared library C:\Program Files\Microsoft\jdk-25.0.4.101-hotspot\bin\management.dll
Event: 1.118 Loaded shared library C:\Program Files\Microsoft\jdk-25.0.4.101-hotspot\bin\management.dll
Event: 1.120 Attempting to load shared library C:\Program Files\Microsoft\jdk-25.0.4.101-hotspot\bin\management_ext.dll
Event: 1.120 Loaded shared library C:\Program Files\Microsoft\jdk-25.0.4.101-hotspot\bin\management_ext.dll
Event: 1.204 Attempting to load shared library C:\Program Files\Microsoft\jdk-25.0.4.101-hotspot\bin\extnet.dll
Event: 1.205 Loaded shared library C:\Program Files\Microsoft\jdk-25.0.4.101-hotspot\bin\extnet.dll
Event: 1.335 Attempting to load shared library C:\Program Files\Microsoft\jdk-25.0.4.101-hotspot\bin\sunmscapi.dll
Event: 1.338 Loaded shared library C:\Program Files\Microsoft\jdk-25.0.4.101-hotspot\bin\sunmscapi.dll

Deoptimization events (20 events):
Event: 2796.730 Thread 0x0000023df8bbc110 Uncommon trap: trap_request=0xfffffff4 fr.pc=0x0000023d8826972c relative=0x00000000000000ac
Event: 2796.730 Thread 0x0000023df8bbc110 Uncommon trap: reason=null_check action=make_not_entrant pc=0x0000023d8826972c method=java.beans.MethodRef.get()Ljava/lang/reflect/Method; @ 16 c2
Event: 2796.730 Thread 0x0000023df8bbc110 DEOPT PACKING pc=0x0000023d8826972c sp=0x0000007eb9cf77b0
Event: 2796.730 Thread 0x0000023df8bbc110 DEOPT UNPACKING pc=0x0000023d87581b82 sp=0x0000007eb9cf7748 mode 2
Event: 2796.772 Thread 0x0000023df8bbc110 Uncommon trap: trap_request=0xfffffff4 fr.pc=0x0000023d882fbc90 relative=0x00000000000014f0
Event: 2796.772 Thread 0x0000023df8bbc110 Uncommon trap: reason=null_check action=make_not_entrant pc=0x0000023d882fbc90 method=java.util.jar.JarFile.getManifestFromReference()Ljava/util/jar/Manifest; @ 14 c2
Event: 2796.772 Thread 0x0000023df8bbc110 DEOPT PACKING pc=0x0000023d882fbc90 sp=0x0000007eb9cf3800
Event: 2796.772 Thread 0x0000023df8bbc110 DEOPT UNPACKING pc=0x0000023d87581b82 sp=0x0000007eb9cf3760 mode 2
Event: 2796.858 Thread 0x0000023df8bbc110 Uncommon trap: trap_request=0xfffffff4 fr.pc=0x0000023d88295544 relative=0x00000000000006c4
Event: 2796.858 Thread 0x0000023df8bbc110 Uncommon trap: reason=null_check action=make_not_entrant pc=0x0000023d88295544 method=org.gradle.api.internal.provider.DefaultPropertyFactory.property(Ljava/lang/Class;)Lorg/gradle/api/internal/provider/DefaultProperty; @ 60 c2
Event: 2796.858 Thread 0x0000023df8bbc110 DEOPT PACKING pc=0x0000023d88295544 sp=0x0000007eb9cf9650
Event: 2796.858 Thread 0x0000023df8bbc110 DEOPT UNPACKING pc=0x0000023d87581b82 sp=0x0000007eb9cf95e8 mode 2
Event: 2797.029 Thread 0x0000023d9db8b4e0 Uncommon trap: trap_request=0xffffff45 fr.pc=0x0000023d881c2b18 relative=0x0000000000000718
Event: 2797.029 Thread 0x0000023d9db8b4e0 Uncommon trap: reason=unstable_if action=reinterpret pc=0x0000023d881c2b18 method=org.gradle.api.file.RelativePath.<init>(ZLorg/gradle/api/file/RelativePath;[Ljava/lang/String;)V @ 10 c2
Event: 2797.029 Thread 0x0000023d9db8b4e0 DEOPT PACKING pc=0x0000023d881c2b18 sp=0x0000007ec00fcee0
Event: 2797.029 Thread 0x0000023d9db8b4e0 DEOPT UNPACKING pc=0x0000023d87581b82 sp=0x0000007ec00fcde0 mode 2
Event: 2797.029 Thread 0x0000023d9db8b4e0 Uncommon trap: trap_request=0xffffff45 fr.pc=0x0000023d88182aa8 relative=0x00000000000009a8
Event: 2797.030 Thread 0x0000023d9db8b4e0 Uncommon trap: reason=unstable_if action=reinterpret pc=0x0000023d88182aa8 method=org.gradle.api.file.RelativePath.getPathString()Ljava/lang/String; @ 5 c2
Event: 2797.030 Thread 0x0000023d9db8b4e0 DEOPT PACKING pc=0x0000023d88182aa8 sp=0x0000007ec00fcf30
Event: 2797.030 Thread 0x0000023d9db8b4e0 DEOPT UNPACKING pc=0x0000023d87581b82 sp=0x0000007ec00fcf08 mode 2

Classes loaded (20 events):
Event: 1068.474 Loading class java/security/KeyStore$Entry done
Event: 1068.474 Loading class java/security/KeyStore$PrivateKeyEntry done
Event: 1068.528 Loading class java/util/stream/ReferencePipeline$15
Event: 1068.528 Loading class java/util/stream/ReferencePipeline$15 done
Event: 1068.531 Loading class java/util/stream/ReferencePipeline$15$1
Event: 1068.531 Loading class java/util/stream/ReferencePipeline$15$1 done
Event: 1068.598 Loading class java/security/cert/CertificateEncodingException
Event: 1068.598 Loading class java/security/cert/CertificateEncodingException done
Event: 1069.500 Loading class sun/security/rsa/RSACore$BlindingParameters
Event: 1069.500 Loading class sun/security/rsa/RSACore$BlindingParameters done
Event: 1069.506 Loading class sun/security/rsa/RSACore$BlindingRandomPair
Event: 1069.506 Loading class sun/security/rsa/RSACore$BlindingRandomPair done
Event: 1069.554 Loading class java/security/DigestException
Event: 1069.554 Loading class java/security/DigestException done
Event: 1069.589 Loading class java/nio/BufferOverflowException
Event: 1069.589 Loading class java/nio/BufferOverflowException done
Event: 1069.598 Loading class java/util/concurrent/ForkJoinTask$AdaptedInterruptibleRunnable
Event: 1069.598 Loading class java/util/concurrent/ForkJoinTask$AdaptedInterruptibleRunnable done
Event: 1518.776 Loading class java/util/zip/InflaterOutputStream
Event: 1518.777 Loading class java/util/zip/InflaterOutputStream done

Classes unloaded (20 events):
Event: 1518.900 Thread 0x0000023df8cadfd0 Unloading class 0x000000002b0ee000 'java/lang/invoke/LambdaForm$MH+0x000000002b0ee000'
Event: 1518.900 Thread 0x0000023df8cadfd0 Unloading class 0x000000002b0ed800 'java/lang/invoke/LambdaForm$MH+0x000000002b0ed800'
Event: 1518.900 Thread 0x0000023df8cadfd0 Unloading class 0x000000002b0ed400 'java/lang/invoke/LambdaForm$MH+0x000000002b0ed400'
Event: 1518.900 Thread 0x0000023df8cadfd0 Unloading class 0x000000002b0ed000 'java/lang/invoke/LambdaForm$MH+0x000000002b0ed000'
Event: 1518.900 Thread 0x0000023df8cadfd0 Unloading class 0x000000002b0e1c00 'java/lang/invoke/LambdaForm$MH+0x000000002b0e1c00'
Event: 1518.900 Thread 0x0000023df8cadfd0 Unloading class 0x000000002b0e1800 'java/lang/invoke/LambdaForm$MH+0x000000002b0e1800'
Event: 1518.900 Thread 0x0000023df8cadfd0 Unloading class 0x000000002b0e1400 'java/lang/invoke/LambdaForm$MH+0x000000002b0e1400'
Event: 1518.900 Thread 0x0000023df8cadfd0 Unloading class 0x000000002b0e1000 'java/lang/invoke/LambdaForm$MH+0x000000002b0e1000'
Event: 1518.900 Thread 0x0000023df8cadfd0 Unloading class 0x000000002b0e0c00 'java/lang/invoke/LambdaForm$BMH+0x000000002b0e0c00'
Event: 1518.900 Thread 0x0000023df8cadfd0 Unloading class 0x000000002b0e0400 'java/lang/invoke/LambdaForm$MH+0x000000002b0e0400'
Event: 1518.900 Thread 0x0000023df8cadfd0 Unloading class 0x000000002b0b9000 'java/lang/invoke/LambdaForm$MH+0x000000002b0b9000'
Event: 1518.900 Thread 0x0000023df8cadfd0 Unloading class 0x000000002b0a8000 'java/lang/invoke/LambdaForm$MH+0x000000002b0a8000'
Event: 1518.900 Thread 0x0000023df8cadfd0 Unloading class 0x000000002b07a800 'java/lang/invoke/LambdaForm$MH+0x000000002b07a800'
Event: 1518.900 Thread 0x0000023df8cadfd0 Unloading class 0x000000002b07a000 'java/lang/invoke/LambdaForm$MH+0x000000002b07a000'
Event: 1518.900 Thread 0x0000023df8cadfd0 Unloading class 0x000000002b079c00 'java/lang/invoke/LambdaForm$MH+0x000000002b079c00'
Event: 1518.900 Thread 0x0000023df8cadfd0 Unloading class 0x000000002b078000 'java/lang/invoke/LambdaForm$MH+0x000000002b078000'
Event: 1518.900 Thread 0x0000023df8cadfd0 Unloading class 0x000000002b042000 'java/lang/invoke/LambdaForm$MH+0x000000002b042000'
Event: 1518.900 Thread 0x0000023df8cadfd0 Unloading class 0x000000002b041c00 'java/lang/invoke/LambdaForm$MH+0x000000002b041c00'
Event: 1518.900 Thread 0x0000023df8cadfd0 Unloading class 0x000000002b041800 'java/lang/invoke/LambdaForm$MH+0x000000002b041800'
Event: 1518.900 Thread 0x0000023df8cadfd0 Unloading class 0x000000002b041000 'java/lang/invoke/LambdaForm$MH+0x000000002b041000'

Classes redefined (0 events):
No events

Internal exceptions (20 events):
Event: 2796.616 Thread 0x0000023df8bbc110 Implicit null exception at 0x0000023d87d5639e to 0x0000023d87d5660c
Event: 2796.703 Thread 0x0000023df8bbc110 Exception <a 'java/lang/ClassNotFoundException'{0x00000000afa61128}: org/gradle/api/tasks/Copy_DecoratedBeanInfo> (0x00000000afa61128) 
thrown [s\src\hotspot\share\classfile\systemDictionary.cpp, line 328]
Event: 2796.703 Thread 0x0000023df8bbc110 Exception <a 'java/lang/ClassNotFoundException'{0x00000000afa6b150}: org/gradle/api/tasks/CopyBeanInfo> (0x00000000afa6b150) 
thrown [s\src\hotspot\share\classfile\systemDictionary.cpp, line 328]
Event: 2796.704 Thread 0x0000023df8bbc110 Exception <a 'java/lang/ClassNotFoundException'{0x00000000afa75470}: org/gradle/api/tasks/AbstractCopyTaskBeanInfo> (0x00000000afa75470) 
thrown [s\src\hotspot\share\classfile\systemDictionary.cpp, line 328]
Event: 2796.705 Thread 0x0000023df8bbc110 Exception <a 'java/lang/ClassNotFoundException'{0x00000000afa7f4e8}: org/gradle/api/tasks/AbstractCopyTaskCustomizer> (0x00000000afa7f4e8) 
thrown [s\src\hotspot\share\classfile\systemDictionary.cpp, line 328]
Event: 2796.707 Thread 0x0000023df8bbc110 Implicit null exception at 0x0000023d883753a6 to 0x0000023d883755f4
Event: 2796.708 Thread 0x0000023df8bbc110 Implicit null exception at 0x0000023d8839f155 to 0x0000023d8839f514
Event: 2796.730 Thread 0x0000023df8bbc110 Implicit null exception at 0x0000023d882696c9 to 0x0000023d8826971c
Event: 2796.742 Thread 0x0000023df8bbc110 Exception <a 'java/lang/ClassNotFoundException'{0x00000000af76cbd8}: org/gradle/api/tasks/CopyCustomizer> (0x00000000af76cbd8) 
thrown [s\src\hotspot\share\classfile\systemDictionary.cpp, line 328]
Event: 2796.745 Thread 0x0000023df8bbc110 Exception <a 'java/lang/ClassNotFoundException'{0x00000000af78d5b8}: org/gradle/api/tasks/Copy_DecoratedCustomizer> (0x00000000af78d5b8) 
thrown [s\src\hotspot\share\classfile\systemDictionary.cpp, line 328]
Event: 2796.772 Thread 0x0000023df8bbc110 Implicit null exception at 0x0000023d882fa7e7 to 0x0000023d882fbc80
Event: 2796.858 Thread 0x0000023df8bbc110 Implicit null exception at 0x0000023d88294ee4 to 0x0000023d88295538
Event: 2796.875 Thread 0x0000023df8bbc110 Exception <a 'sun/nio/fs/WindowsException'{0x00000000af52c938}> (0x00000000af52c938) 
thrown [s\src\hotspot\share\prims\jni.cpp, line 516]
Event: 2796.879 Thread 0x0000023df8bbc110 Exception <a 'sun/nio/fs/WindowsException'{0x00000000af52df78}> (0x00000000af52df78) 
thrown [s\src\hotspot\share\prims\jni.cpp, line 516]
Event: 2796.880 Thread 0x0000023df8bbc110 Exception <a 'sun/nio/fs/WindowsException'{0x00000000af52f618}> (0x00000000af52f618) 
thrown [s\src\hotspot\share\prims\jni.cpp, line 516]
Event: 2796.880 Thread 0x0000023df8bbc110 Exception <a 'sun/nio/fs/WindowsException'{0x00000000af530cb8}> (0x00000000af530cb8) 
thrown [s\src\hotspot\share\prims\jni.cpp, line 516]
Event: 2796.990 Thread 0x0000023df8bbc110 Exception <a 'sun/nio/fs/WindowsException'{0x00000000af2d37e0}> (0x00000000af2d37e0) 
thrown [s\src\hotspot\share\prims\jni.cpp, line 516]
Event: 2797.026 Thread 0x0000023d9db8b4e0 Exception <a 'sun/nio/fs/WindowsException'{0x00000000af0ddd50}> (0x00000000af0ddd50) 
thrown [s\src\hotspot\share\prims\jni.cpp, line 516]
Event: 2797.406 Thread 0x0000023d9db8b4e0 Exception <a 'java/lang/ClassNotFoundException'{0x00000000aeba8a18}: build_cz1eanjo1yu7pu6muttr584u6$_run_closure2$_closure12BeanInfo> (0x00000000aeba8a18) 
thrown [s\src\hotspot\share\classfile\systemDictionary.cpp, line 328]
Event: 2797.407 Thread 0x0000023d9db8b4e0 Exception <a 'java/lang/ClassNotFoundException'{0x00000000aebacc10}: build_cz1eanjo1yu7pu6muttr584u6$_run_closure2$_closure12Customizer> (0x00000000aebacc10) 
thrown [s\src\hotspot\share\classfile\systemDictionary.cpp, line 328]

VM Operations (20 events):
Event: 2525.358 Executing non-safepoint VM operation: HandshakeAllThreads (HandshakeForDeflation)
Event: 2525.358 Executing non-safepoint VM operation: HandshakeAllThreads (HandshakeForDeflation) done
Event: 2525.358 Executing non-safepoint VM operation: RendezvousGCThreads
Event: 2525.358 Executing non-safepoint VM operation: RendezvousGCThreads done
Event: 2585.490 Executing non-safepoint VM operation: HandshakeAllThreads (HandshakeForDeflation)
Event: 2585.490 Executing non-safepoint VM operation: HandshakeAllThreads (HandshakeForDeflation) done
Event: 2585.490 Executing non-safepoint VM operation: RendezvousGCThreads
Event: 2585.490 Executing non-safepoint VM operation: RendezvousGCThreads done
Event: 2645.600 Executing non-safepoint VM operation: HandshakeAllThreads (HandshakeForDeflation)
Event: 2645.600 Executing non-safepoint VM operation: HandshakeAllThreads (HandshakeForDeflation) done
Event: 2645.600 Executing non-safepoint VM operation: RendezvousGCThreads
Event: 2645.600 Executing non-safepoint VM operation: RendezvousGCThreads done
Event: 2705.691 Executing non-safepoint VM operation: HandshakeAllThreads (HandshakeForDeflation)
Event: 2705.691 Executing non-safepoint VM operation: HandshakeAllThreads (HandshakeForDeflation) done
Event: 2705.692 Executing non-safepoint VM operation: RendezvousGCThreads
Event: 2705.692 Executing non-safepoint VM operation: RendezvousGCThreads done
Event: 2765.947 Executing non-safepoint VM operation: HandshakeAllThreads (HandshakeForDeflation)
Event: 2765.947 Executing non-safepoint VM operation: HandshakeAllThreads (HandshakeForDeflation) done
Event: 2765.947 Executing non-safepoint VM operation: RendezvousGCThreads
Event: 2765.947 Executing non-safepoint VM operation: RendezvousGCThreads done

Memory protections (0 events):
No events

Nmethod flushes (20 events):
Event: 1518.926 Thread 0x0000023df8cadfd0 flushing  nmethod 0x0000023d81cea708
Event: 1518.926 Thread 0x0000023df8cadfd0 flushing  nmethod 0x0000023d81cec088
Event: 1518.926 Thread 0x0000023df8cadfd0 flushing  nmethod 0x0000023d81cffc88
Event: 1518.926 Thread 0x0000023df8cadfd0 flushing  nmethod 0x0000023d81d00708
Event: 1518.926 Thread 0x0000023df8cadfd0 flushing  nmethod 0x0000023d81d03c88
Event: 1518.926 Thread 0x0000023df8cadfd0 flushing  nmethod 0x0000023d81d3f808
Event: 1518.926 Thread 0x0000023df8cadfd0 flushing  nmethod 0x0000023d81d40208
Event: 1518.926 Thread 0x0000023df8cadfd0 flushing  nmethod 0x0000023d81d40688
Event: 1518.926 Thread 0x0000023df8cadfd0 flushing  nmethod 0x0000023d81d40c08
Event: 1518.926 Thread 0x0000023df8cadfd0 flushing  nmethod 0x0000023d81d91408
Event: 1518.926 Thread 0x0000023df8cadfd0 flushing  nmethod 0x0000023d81d94488
Event: 1518.926 Thread 0x0000023df8cadfd0 flushing  nmethod 0x0000023d81d95388
Event: 1518.926 Thread 0x0000023df8cadfd0 flushing  nmethod 0x0000023d81dffd88
Event: 1518.926 Thread 0x0000023df8cadfd0 flushing  nmethod 0x0000023d81e3ed08
Event: 1518.926 Thread 0x0000023df8cadfd0 flushing  nmethod 0x0000023d81e41588
Event: 1518.926 Thread 0x0000023df8cadfd0 flushing  nmethod 0x0000023d81e41988
Event: 1518.926 Thread 0x0000023df8cadfd0 flushing  nmethod 0x0000023d81e42508
Event: 1518.926 Thread 0x0000023df8cadfd0 flushing  nmethod 0x0000023d81eb7908
Event: 1518.926 Thread 0x0000023df8cadfd0 flushing  nmethod 0x0000023d81eba208
Event: 1518.926 Thread 0x0000023df8cadfd0 flushing  nmethod 0x0000023d81ebc388

Events (20 events):
Event: 2796.994 Thread 0x0000023d94a0c310 Thread added: 0x0000023d91e74a70
Event: 2796.994 Thread 0x0000023d94a0c310 Thread added: 0x0000023d91e75240
Event: 2796.994 Thread 0x0000023d94a0c310 Thread added: 0x0000023d92973310
Event: 2796.994 Thread 0x0000023d94a0c310 Thread added: 0x0000023d92972b40
Event: 2796.994 Thread 0x0000023d94a0c310 Thread added: 0x0000023d92971ba0
Event: 2796.994 Thread 0x0000023d94a0c310 Thread added: 0x0000023d92972370
Event: 2796.994 Thread 0x0000023d94a0c310 Thread added: 0x0000023d95e53ac0
Event: 2796.994 Thread 0x0000023d94a0c310 Thread added: 0x0000023d95e54a60
Event: 2796.994 Thread 0x0000023d94a0c310 Thread added: 0x0000023d95e561d0
Event: 2796.995 Thread 0x0000023d94a0c310 Thread added: 0x0000023d95e52b20
Event: 2796.995 Thread 0x0000023d94a0c310 Thread added: 0x0000023d95e532f0
Event: 2796.995 Thread 0x0000023d94a0c310 Thread added: 0x0000023d95e55a00
Event: 2796.995 Thread 0x0000023d94a0c310 Thread added: 0x0000023d95e54290
Event: 2796.995 Thread 0x0000023d94a0c310 Thread added: 0x0000023d963d9780
Event: 2797.006 Thread 0x0000023d94a0c310 Thread added: 0x0000023d963d8010
Event: 2797.006 Thread 0x0000023d94a0c310 Thread added: 0x0000023d963da720
Event: 2797.006 Thread 0x0000023d94a0c310 Thread added: 0x0000023d963d87e0
Event: 2797.017 Thread 0x0000023d94a0c310 Thread added: 0x0000023d963d7070
Event: 2797.018 Thread 0x0000023d9db8b4e0 Thread added: 0x0000023d9db88600
Event: 2797.367 Thread 0x0000023d94c66550 Thread exited: 0x0000023d94c66550


Dynamic libraries:
0x00007ff7146b0000 - 0x00007ff7146be000 	C:\Program Files\Microsoft\jdk-25.0.4.101-hotspot\bin\java.exe
0x00007ffd5d580000 - 0x00007ffd5d7e7000 	C:\WINDOWS\SYSTEM32\ntdll.dll
0x00007ffd5c570000 - 0x00007ffd5c63b000 	C:\WINDOWS\System32\KERNEL32.DLL
0x00007ffd5ac00000 - 0x00007ffd5b002000 	C:\WINDOWS\System32\KERNELBASE.dll
0x00007ffd5b010000 - 0x00007ffd5b15c000 	C:\WINDOWS\System32\ucrtbase.dll
0x00007ffd49300000 - 0x00007ffd4931e000 	C:\Program Files\Microsoft\jdk-25.0.4.101-hotspot\bin\VCRUNTIME140.dll
0x00007ffd49390000 - 0x00007ffd493a7000 	C:\Program Files\Microsoft\jdk-25.0.4.101-hotspot\bin\jli.dll
0x00007ffd5cb40000 - 0x00007ffd5cd0f000 	C:\WINDOWS\System32\USER32.dll
0x00007ffd5a8d0000 - 0x00007ffd5a8f7000 	C:\WINDOWS\System32\win32u.dll
0x00007ffd5ca30000 - 0x00007ffd5ca5b000 	C:\WINDOWS\System32\GDI32.dll
0x00007ffd46dd0000 - 0x00007ffd47060000 	C:\WINDOWS\WinSxS\amd64_microsoft.windows.common-controls_6595b64144ccf1df_6.0.26100.9278_none_3e0d1ba8e3303201\COMCTL32.dll
0x00007ffd5be10000 - 0x00007ffd5beb9000 	C:\WINDOWS\System32\msvcrt.dll
0x00007ffd5b170000 - 0x00007ffd5b299000 	C:\WINDOWS\System32\gdi32full.dll
0x00007ffd5a900000 - 0x00007ffd5a9a3000 	C:\WINDOWS\System32\msvcp_win.dll
0x00007ffd5bd00000 - 0x00007ffd5bd31000 	C:\WINDOWS\System32\IMM32.DLL
0x00007ffd55250000 - 0x00007ffd5525c000 	C:\Program Files\Microsoft\jdk-25.0.4.101-hotspot\bin\vcruntime140_1.dll
0x00007ffd2fa30000 - 0x00007ffd2fab9000 	C:\Program Files\Microsoft\jdk-25.0.4.101-hotspot\bin\msvcp140.dll
0x00007ffce64c0000 - 0x00007ffce73f7000 	C:\Program Files\Microsoft\jdk-25.0.4.101-hotspot\bin\server\jvm.dll
0x00007ffd5bd40000 - 0x00007ffd5bdfc000 	C:\WINDOWS\System32\ADVAPI32.dll
0x00007ffd5c240000 - 0x00007ffd5c2e9000 	C:\WINDOWS\System32\sechost.dll
0x00007ffd5c820000 - 0x00007ffd5c938000 	C:\WINDOWS\System32\RPCRT4.dll
0x00007ffd5bc70000 - 0x00007ffd5bcf0000 	C:\WINDOWS\System32\WS2_32.dll
0x00007ffd5a5e0000 - 0x00007ffd5a63e000 	C:\WINDOWS\SYSTEM32\POWRPROF.dll
0x00007ffd4f8b0000 - 0x00007ffd4f8bb000 	C:\WINDOWS\SYSTEM32\VERSION.dll
0x00007ffd478a0000 - 0x00007ffd478d6000 	C:\WINDOWS\SYSTEM32\WINMM.dll
0x00007ffd5a5c0000 - 0x00007ffd5a5d5000 	C:\WINDOWS\SYSTEM32\UMPDC.dll
0x00007ffd59410000 - 0x00007ffd5942b000 	C:\WINDOWS\SYSTEM32\kernel.appcore.dll
0x00007ffd54ea0000 - 0x00007ffd54eaa000 	C:\Program Files\Microsoft\jdk-25.0.4.101-hotspot\bin\jimage.dll
0x00007ffd57a60000 - 0x00007ffd57cac000 	C:\WINDOWS\SYSTEM32\DBGHELP.DLL
0x00007ffd5cd20000 - 0x00007ffd5d0a5000 	C:\WINDOWS\System32\combase.dll
0x00007ffd5c160000 - 0x00007ffd5c239000 	C:\WINDOWS\System32\OLEAUT32.dll
0x00007ffd499e0000 - 0x00007ffd49a1b000 	C:\WINDOWS\SYSTEM32\dbgcore.DLL
0x00007ffd5a780000 - 0x00007ffd5a82c000 	C:\WINDOWS\System32\bcryptPrimitives.dll
0x00007ffd4dc70000 - 0x00007ffd4dc80000 	C:\Program Files\Microsoft\jdk-25.0.4.101-hotspot\bin\instrument.dll
0x00007ffd492e0000 - 0x00007ffd492ff000 	C:\Program Files\Microsoft\jdk-25.0.4.101-hotspot\bin\java.dll
0x00007ffd5c360000 - 0x00007ffd5c4fa000 	C:\WINDOWS\System32\ole32.dll
0x00007ffd5b3a0000 - 0x00007ffd5bb38000 	C:\WINDOWS\System32\SHELL32.dll
0x00007ffd581a0000 - 0x00007ffd58a4e000 	C:\WINDOWS\SYSTEM32\windows.storage.dll
0x00007ffd5bb70000 - 0x00007ffd5bc6b000 	C:\WINDOWS\System32\SHCORE.dll
0x00007ffd5c2f0000 - 0x00007ffd5c356000 	C:\WINDOWS\System32\shlwapi.dll
0x00007ffd5a6a0000 - 0x00007ffd5a6c9000 	C:\WINDOWS\SYSTEM32\profapi.dll
0x00007ffd38ec0000 - 0x00007ffd38ed6000 	C:\Program Files\Microsoft\jdk-25.0.4.101-hotspot\bin\zip.dll
0x00007ffd492c0000 - 0x00007ffd492d2000 	C:\Program Files\Microsoft\jdk-25.0.4.101-hotspot\bin\net.dll
0x00007ffd599b0000 - 0x00007ffd59a1c000 	C:\WINDOWS\system32\mswsock.dll
0x00007ffd40060000 - 0x00007ffd40076000 	C:\Program Files\Microsoft\jdk-25.0.4.101-hotspot\bin\nio.dll
0x00007ffd4dc20000 - 0x00007ffd4dc30000 	C:\Program Files\Microsoft\jdk-25.0.4.101-hotspot\bin\verify.dll
0x00007ffd36d40000 - 0x00007ffd36d67000 	C:\Users\Lasse\.gradle\native\1def1411415f61bf3af743bc5b6707747c0891f09f0c88961ee8f79bc544acac\windows-amd64\native-platform.dll
0x00007ffd38910000 - 0x00007ffd38987000 	C:\Users\Lasse\.gradle\native\0.2.8\x86_64-windows-gnu\gradle-fileevents.dll
0x00007ffd4cbe0000 - 0x00007ffd4cbea000 	C:\Program Files\Microsoft\jdk-25.0.4.101-hotspot\bin\management.dll
0x00007ffd49e10000 - 0x00007ffd49e1c000 	C:\Program Files\Microsoft\jdk-25.0.4.101-hotspot\bin\management_ext.dll
0x00007ffd5c560000 - 0x00007ffd5c568000 	C:\WINDOWS\System32\PSAPI.DLL
0x00007ffd58f10000 - 0x00007ffd58f43000 	C:\WINDOWS\SYSTEM32\IPHLPAPI.DLL
0x00007ffd5bb40000 - 0x00007ffd5bb4a000 	C:\WINDOWS\System32\NSI.dll
0x00007ffd3f460000 - 0x00007ffd3f469000 	C:\Program Files\Microsoft\jdk-25.0.4.101-hotspot\bin\extnet.dll
0x00007ffd59dd0000 - 0x00007ffd59deb000 	C:\WINDOWS\SYSTEM32\CRYPTSP.dll
0x00007ffd59370000 - 0x00007ffd593a9000 	C:\WINDOWS\system32\rsaenh.dll
0x00007ffd59a60000 - 0x00007ffd59a94000 	C:\WINDOWS\SYSTEM32\USERENV.dll
0x00007ffd5a670000 - 0x00007ffd5a69a000 	C:\WINDOWS\SYSTEM32\bcrypt.dll
0x00007ffd59da0000 - 0x00007ffd59dac000 	C:\WINDOWS\SYSTEM32\CRYPTBASE.dll
0x00007ffd40050000 - 0x00007ffd4005e000 	C:\Program Files\Microsoft\jdk-25.0.4.101-hotspot\bin\sunmscapi.dll
0x00007ffd5aa70000 - 0x00007ffd5abee000 	C:\WINDOWS\System32\CRYPT32.dll
0x00007ffd59f40000 - 0x00007ffd59f70000 	C:\WINDOWS\SYSTEM32\ncrypt.dll
0x00007ffd59ef0000 - 0x00007ffd59f2f000 	C:\WINDOWS\SYSTEM32\NTASN1.dll
0x00007ffd4ad10000 - 0x00007ffd4ad18000 	C:\WINDOWS\system32\wshunix.dll
0x00007ffd58f50000 - 0x00007ffd590a8000 	C:\WINDOWS\SYSTEM32\DNSAPI.dll
0x00007ffd597b0000 - 0x00007ffd597bd000 	C:\WINDOWS\SYSTEM32\DSPARSE.dll
0x00007ffd51010000 - 0x00007ffd5101b000 	C:\Windows\System32\rasadhlp.dll
0x00007ffd525b0000 - 0x00007ffd52636000 	C:\WINDOWS\System32\fwpuclnt.dll
0x00007ffd59540000 - 0x00007ffd59576000 	C:\WINDOWS\SYSTEM32\ntmarta.dll
0x00007ffd571d0000 - 0x00007ffd5726f000 	C:\WINDOWS\system32\apphelp.dll

JVMTI agents:
C:\Users\Lasse\.gradle\wrapper\dists\gradle-9.1.0-bin\9agqghryom9wkf8r80qlhnts3\gradle-9.1.0\lib\agents\gradle-instrumentation-agent-9.1.0.jar path:C:\Program Files\Microsoft\jdk-25.0.4.101-hotspot\bin\instrument.dll, loaded, initialized, instrumentlib options:none

dbghelp: loaded successfully - version: 4.0.5 - missing functions: none
symbol engine: initialized successfully - sym options: 0x614 - pdb path: .;C:\Program Files\Microsoft\jdk-25.0.4.101-hotspot\bin;C:\WINDOWS\SYSTEM32;C:\WINDOWS\WinSxS\amd64_microsoft.windows.common-controls_6595b64144ccf1df_6.0.26100.9278_none_3e0d1ba8e3303201;C:\Program Files\Microsoft\jdk-25.0.4.101-hotspot\bin\server;C:\Users\Lasse\.gradle\native\1def1411415f61bf3af743bc5b6707747c0891f09f0c88961ee8f79bc544acac\windows-amd64;C:\Users\Lasse\.gradle\native\0.2.8\x86_64-windows-gnu

VM Arguments:
jvm_args: --add-opens=java.base/java.lang=ALL-UNNAMED --add-opens=java.base/java.lang.invoke=ALL-UNNAMED --add-opens=java.base/java.util=ALL-UNNAMED --add-opens=java.prefs/java.util.prefs=ALL-UNNAMED --add-exports=jdk.compiler/com.sun.tools.javac.api=ALL-UNNAMED --add-exports=jdk.compiler/com.sun.tools.javac.util=ALL-UNNAMED --add-opens=java.base/java.util=ALL-UNNAMED --add-opens=java.prefs/java.util.prefs=ALL-UNNAMED --add-opens=java.base/java.nio.charset=ALL-UNNAMED --add-opens=java.base/java.net=ALL-UNNAMED --add-opens=java.base/java.util.concurrent=ALL-UNNAMED --add-opens=java.base/java.util.concurrent.atomic=ALL-UNNAMED --add-opens=java.xml/javax.xml.namespace=ALL-UNNAMED --add-opens=java.base/java.time=ALL-UNNAMED --enable-native-access=ALL-UNNAMED -Xmx1536m -Dfile.encoding=UTF-8 -Duser.country=GB -Duser.language=en -Duser.variant -javaagent:C:\Users\Lasse\.gradle\wrapper\dists\gradle-9.1.0-bin\9agqghryom9wkf8r80qlhnts3\gradle-9.1.0\lib\agents\gradle-instrumentation-agent-9.1.0.jar 
java_command: org.gradle.launcher.daemon.bootstrap.GradleDaemon 9.1.0
java_class_path (initial): C:\Users\Lasse\.gradle\wrapper\dists\gradle-9.1.0-bin\9agqghryom9wkf8r80qlhnts3\gradle-9.1.0\lib\gradle-daemon-main-9.1.0.jar
Launcher Type: SUN_STANDARD

[Global flags]
     intx CICompilerCount                          = 12                                        {product} {ergonomic}
     uint ConcGCThreads                            = 4                                         {product} {ergonomic}
     uint G1ConcRefinementThreads                  = 15                                        {product} {ergonomic}
   size_t G1HeapRegionSize                         = 1048576                                   {product} {ergonomic}
   size_t InitialHeapSize                          = 264241152                                 {product} {ergonomic}
   size_t MarkStackSize                            = 4194304                                   {product} {ergonomic}
   size_t MarkStackSizeMax                         = 536870912                                 {product} {ergonomic}
   size_t MaxHeapSize                              = 1610612736                                {product} {command line}
   size_t MaxNewSize                               = 965738496                                 {product} {ergonomic}
   size_t MinHeapDeltaBytes                        = 1048576                                   {product} {ergonomic}
   size_t MinHeapSize                              = 8388608                                   {product} {ergonomic}
    uintx NonNMethodCodeHeapSize                   = 7667712                                {pd product} {ergonomic}
    uintx NonProfiledCodeHeapSize                  = 122028032                              {pd product} {ergonomic}
    uintx ProfiledCodeHeapSize                     = 122028032                              {pd product} {ergonomic}
    uintx ReservedCodeCacheSize                    = 251723776                              {pd product} {ergonomic}
     bool SegmentedCodeCache                       = true                                      {product} {ergonomic}
   size_t SoftMaxHeapSize                          = 1610612736                             {manageable} {ergonomic}
     bool UseCompressedOops                        = true                           {product lp64_product} {ergonomic}
     bool UseG1GC                                  = true                                      {product} {ergonomic}
     bool UseLargePagesIndividualAllocation        = false                                  {pd product} {ergonomic}

Logging:
Log output configuration:
 #0: stdout all=warning uptime,level,tags foldmultilines=false
 #1: stderr all=off uptime,level,tags foldmultilines=false

Release file:
IMPLEMENTOR="Microsoft" 
IMPLEMENTOR_VERSION="Microsoft-14951867" 
JAVA_RUNTIME_VERSION="25.0.4.1+1-LTS" 
JAVA_VERSION="25.0.4.1" 
JAVA_VERSION_DATE="2026-08-18" 
LIBC="default" 
MODULES="java.base java.compiler java.datatransfer java.xml java.prefs java.desktop java.instrument java.logging java.management java.security.sasl java.naming java.rmi java.management.rmi java.net.http java.scripting java.security.jgss java.transaction.xa java.sql java.sql.rowset java.xml.crypto java.se java.smartcardio jdk.accessibility jdk.internal.jvmstat jdk.attach jdk.charsets jdk.internal.opt jdk.zipfs jdk.compiler jdk.crypto.cryptoki jdk.crypto.ec jdk.crypto.mscapi jdk.dynalink jdk.internal.ed jdk.editpad jdk.internal.vm.ci jdk.graal.compiler jdk.graal.compiler.management jdk.hotspot.agent jdk.httpserver jdk.incubator.vector jdk.internal.le jdk.internal.md jdk.jartool jdk.javadoc jdk.jcmd jdk.management jdk.management.agent jdk.jconsole jdk.jdeps jdk.jdwp.agent jdk.jdi jdk.jfr jdk.jlink jdk.jpackage jdk.jshell jdk.jsobject jdk.jstatd jdk.localedata jdk.management.jfr jdk.naming.dns jdk.naming.rmi jdk.net jdk.nio.mapmode jdk.sctp jdk.security.auth jdk.security.jgss jdk.unsupported jdk.unsupported.desktop jdk.xml.dom" 
OS_ARCH="x86_64" 
OS_NAME="Windows" 
SOURCE=".:git:f3615615ae25" 

Environment Variables:
JAVA_HOME=C:\Program Files\Microsoft\jdk-25.0.4.101-hotspot\
CLASSPATH=J:\ProjectFenix\Android\Foxcraft\\gradle\wrapper\gradle-wrapper.jar
PATH=C:\Program Files\WindowsApps\Microsoft.PowerShell_7.6.6.0_x64__8wekyb3d8bbwe;C:\Users\Lasse\AppData\Roaming\npm;J:\ProjectFenix\node_modules\.bin;J:\node_modules\.bin;C:\Users\Lasse\AppData\Roaming\npm\node_modules\npm\node_modules\@npmcli\run-script\lib\node-gyp-bin;C:\Program Files\WindowsApps\Microsoft.PowerShell_7.6.6.0_x64__8wekyb3d8bbwe;c:\Users\Lasse\AppData\Roaming\Code\User\globalStorage\github.copilot-chat\debugCommand;c:\Users\Lasse\AppData\Roaming\Code\User\globalStorage\github.copilot-chat\copilotCli;C:\Program Files\Microsoft\jdk-25.0.4.101-hotspot\bin;C:\VulkanSDK\1.4.350.0\Bin;C:\Program Files\Python313\Scripts\;C:\Program Files\Python313\;C:\Program Files\Eclipse Adoptium\jdk-25.0.3.9-hotspot\bin;C:\Program Files\Oculus\Support\oculus-runtime;C:\Program Files\ImageMagick-7.1.2-Q16;C:\Program Files\Amazon Corretto\jdk21.0.10_7\bin;C:\Program Files\Python312\Scripts\;C:\Program Files\Python312\;C:\Program Files\Python314\Scripts\;C:\Program Files\Python314\;C:\Program Files\Python311\Scripts\;C:\Program Files\Python311\;C:\Program Files (x86)\VMware\VMware Workstation\bin\;C:\VulkanSDK\1.4.321.1\Bin;C:\Program Files\Java\jdk-21\bin;C:\Program Files\Common Files\Oracle\Java\javapath;C:\Program Files\NVIDIA GPU Computing Toolkit\CUDA\v12.5\bin;C:\Program Files\NVIDIA GPU Computing Toolkit\CUDA\v12.5\libnvvp;C:\WINDOWS\system32;C:\WINDOWS;C:\WINDOWS\System32\Wbem;C:\WINDOWS\System32\WindowsPowerShell\v1.0\;C:\WINDOWS\System32\OpenSSH\;C:\Program Files\NVIDIA Corporation\NVIDIA NvDLISR;C:\Program Files\dotnet\;C:\Program Files\Microsoft VS Code\bin;C:\Program Files\NVIDIA Corporation\Nsight Compute 2024.2.0\;C:\Program Files\Docker\Docker\resources\bin;C:\ProgramData\chocolatey\bin;C:\Program Files\cursor\resources\app\bin;c:\Program Files\cursor\resources\app\bin;C:\Program Files\LLVM\bin;C:\Program Files (x86)\LLVM\bin;C:\Program Files (x86)\Windows Kits\10\Windows Performance Toolkit\;C:\Program Files\Microsoft VS Code Insiders\bin;C:\Program Files\Microsoft VS Code Exploration\bin;C:\msys64\ucrt64\bin;C:\Program Files (x86)\NVIDIA Corporation\PhysX\Common;C:\Program Files\PyManager\;C:\Qt\6.10.1\msvc2022_64\bin;C:\Program Files\PuTTY\;C:\ProgramData\chocolatey\lib\maven\apache-maven-3.9.13\bin;C:\WINDOWS\system32;C:\WINDOWS;C:\WINDOWS\System32\Wbem;C:\WINDOWS\System32\WindowsPowerShell\v1.0\;C:\WINDOWS\System32\OpenSSH\;C:\Program Files (x86)\GTK2-Runtime\bin;C:\Program Files\NVIDIA Corporation\NVIDIA App\NvDLISR;C:\Program Files\Microsoft SQL Server\170\Tools\Binn\;C:\Program Files\Neovim\bin;C:\Program Files\Git\cmd;C:\Program Files\nodejs\;C:\Program Files\CMake\bin;\\?\C:\Users\Lasse\AppData\Local\Programs\Jan\resources\bin;J:\emsdk;J:\emsdk\upstream\emscripten;C:\Users\Lasse\AppData\Local\Conan\conan;C:\Users\Lasse\.cargo\bin;C:\Users\Lasse\scoop\shims;C:\Program Files\platform-tools;C:\Users\Lasse\AppData\Local\Microsoft\WindowsApps;C:\Users\Lasse\.dotnet\tools;C:\Users\Lasse\AppData\Local\Programs\Ollama;C:\Program Files\JetBrains\IntelliJ IDEA 2024.1.2\bin;C:\Users\Lasse\Downloads\hashcat-6.2.6\hashcat-6.2.6;C:\Users\Lasse\AppData\Local\Programs\Microsoft VS Code Insiders\bin;C:\Users\Lasse\AppData\Local\Programs\Fiddler;C:\Program Files\NASM;C:\Program Files\Microsoft Visual Studio\2022\Community\VC\Tools\MSVC\14.40.33807\bin\Hostx64\x64;C:\Program Files\Microsoft Visual Studio\2022\Community\VC\vcpkg;C:\Program Files\JetBrains\IntelliJ IDEA 2024.3\bin;C:\Users\Lasse\miniconda3;C:\Users\Lasse\miniconda3\Library\mingw-w64\bin;C:\Users\Lasse\miniconda3\Library\usr\bin;C:\Users\Lasse\miniconda3\Library\bin;C:\Users\Lasse\miniconda3\Scripts;C:\Users\Lasse\AppData\Local\GitHubDesktop\bin;C:\Users\Lasse\.cache\lm-studio\bin;C:\Program Files\Open;C:\Program Files (x86)\Intel\;C:\Users\Lasse\AppData\Roaming\Python\Python313\Scripts;C:\Users\Lasse\AppData\Roaming\Python\Python314\Scripts;C:\Users\Lasse\AppData\Local\Microsoft\WinGet\Packages\ggml.llamacpp_Microsoft.Winget.Source_8wekyb3d8bbwe;C:\Program Files\JetBrains\IntelliJ IDEA 2026.1\bin;C:\Users\Lasse\AppData\Local\Microsoft\WinGet\Packages\echocat.watch_Microsoft.Winget.Source_8wekyb3d8bbwe;C:\Users\Lasse\AppData\Local\PowerToys\DSCModules\;C:\Users\Lasse\AppData\Local\spicetify;C:\Users\Lasse\Documents\Programs;C:\masm32\bin;C:\Users\Lasse\AppData\Local\Freenet\bin;C:\Users\Lasse\AppData\Local\Microsoft\WinGet\Packages\sinelaw.fresh-editor_Microsoft.Winget.Source_8wekyb3d8bbwe;C:\Users\Lasse\AppData\Local\Microsoft\WindowsApps;C:\Users\Lasse\AppData\Local\Programs\Zed\bin;C:\Users\Lasse\.dotnet\tools;C:\Users\Lasse\AppData\Roaming\npm
USERNAME=Lasse
LANG=en_US.UTF-8
OS=Windows_NT
PROCESSOR_IDENTIFIER=Intel64 Family 6 Model 186 Stepping 2, GenuineIntel
TMP=C:\Users\Lasse\AppData\Local\Temp
TEMP=C:\Users\Lasse\AppData\Local\Temp




Compilation memory statistics disabled.

Periodic native trim disabled

---------------  S Y S T E M  ---------------

OS:
 Windows 11 , 64 bit Build 26100 (10.0.26100.9444)
OS uptime: 3 days 0:55 hours
Hyper-V role detected

CPU: total 20 (initial active 20) (10 cores per cpu, 2 threads per core) family 6 model 186 stepping 2 microcode 0x4122, cx8, cmov, fxsr, ht, mmx, 3dnowpref, sse, sse2, sse3, ssse3, sse4.1, sse4.2, popcnt, lzcnt, tsc, tscinvbit, avx, avx2, aes, erms, clmul, bmi1, bmi2, adx, sha, fma, vzeroupper, clflush, clflushopt, clwb, hv, serialize, rdtscp, rdpid, fsrm, gfni, f16c, cet_ibt, cet_ss
Processor Information for processor 0
  Max Mhz: 2600, Current Mhz: 2600, Mhz Limit: 2600
Processor Information for processor 1
  Max Mhz: 2600, Current Mhz: 2600, Mhz Limit: 2600
Processor Information for processor 2
  Max Mhz: 2600, Current Mhz: 2600, Mhz Limit: 2600
Processor Information for processor 3
  Max Mhz: 2600, Current Mhz: 2600, Mhz Limit: 2600
Processor Information for processor 4
  Max Mhz: 2600, Current Mhz: 2600, Mhz Limit: 2600
Processor Information for processor 5
  Max Mhz: 2600, Current Mhz: 2600, Mhz Limit: 2600
Processor Information for processor 6
  Max Mhz: 2600, Current Mhz: 2600, Mhz Limit: 2600
Processor Information for processor 7
  Max Mhz: 2600, Current Mhz: 2600, Mhz Limit: 2600
Processor Information for processor 8
  Max Mhz: 2600, Current Mhz: 2600, Mhz Limit: 2600
Processor Information for processor 9
  Max Mhz: 2600, Current Mhz: 2600, Mhz Limit: 2600
Processor Information for processor 10
  Max Mhz: 2600, Current Mhz: 2600, Mhz Limit: 2600
Processor Information for processor 11
  Max Mhz: 2600, Current Mhz: 2600, Mhz Limit: 2600
Processor Information for processor 12
  Max Mhz: 2600, Current Mhz: 1900, Mhz Limit: 1898
Processor Information for processor 13
  Max Mhz: 2600, Current Mhz: 1900, Mhz Limit: 1898
Processor Information for processor 14
  Max Mhz: 2600, Current Mhz: 1900, Mhz Limit: 1898
Processor Information for processor 15
  Max Mhz: 2600, Current Mhz: 1900, Mhz Limit: 1898
Processor Information for processor 16
  Max Mhz: 2600, Current Mhz: 1900, Mhz Limit: 1898
Processor Information for processor 17
  Max Mhz: 2600, Current Mhz: 1900, Mhz Limit: 1898
Processor Information for processor 18
  Max Mhz: 2600, Current Mhz: 1900, Mhz Limit: 1898
Processor Information for processor 19
  Max Mhz: 2600, Current Mhz: 1900, Mhz Limit: 1898

Memory: 4k page, system-wide physical 16008M (1658M free)
TotalPageFile size 32820M (AvailPageFile size 26M)
current process WorkingSet (physical memory assigned to process): 408M, peak: 904M
current process commit charge ("private bytes"): 1009M, peak: 1038M

vm_info: OpenJDK 64-Bit Server VM (25.0.4.1+1-LTS) for windows-amd64 JRE (25.0.4.1+1-LTS), built on 2026-08-12T18:44:41Z with MS VC++ 17.14 (VS2022)

END.
